date,total_datasets,unique_datasets,unique_sites
2017-07-01,84,5,"['55', '874', '876', '98', '1151']"
2017-07-02,83,4,"['110', '875', '821', '888']"
2017-07-03,27,2,"['55', '1151']"
2017-07-04,83,4,"['108', '875', '822', '873']"
2017-07-05,84,5,"['832', '874', '873', '877', '1151']"
2017-07-06,83,4,"['898', '875', '818', '887']"
2017-07-07,57,3,"['112', '874', '876']"
2017-07-08,83,4,"['103', '827', '875', '888']"
2017-07-09,84,5,"['832', '875', '887', '883', '1151']"
2017-07-11,84,5,"['51', '874', '887', '110', '1151']"
2017-07-12,27,2,"['56', '1151']"
2017-07-13,83,4,"['92', '874', '825', '888']"
2017-07-14,58,4,"['895', '1151', '876', '874']"
2017-07-15,83,4,"['880', '53', '875', '876']"
2017-07-16,84,5,"['822', '874', '876', '896', '1151']"
2017-07-17,84,5,"['826', '875', '888', '897', '1151']"
2017-07-18,83,4,"['101', '875', '820', '888']"
2017-07-19,27,2,"['819', '1151']"
2017-07-20,83,4,"['98', '875', '829', '873']"
2017-07-21,84,5,"['819', '875', '888', '101', '1151']"
2017-07-22,83,4,"['110', '874', '819', '873']"
2017-07-23,57,3,"['882', '875', '887']"
2017-07-24,83,4,"['99', '874', '826', '876']"
2017-07-25,84,5,"['827', '874', '887', '893', '1151']"
2017-07-26,26,1,['51']
2017-07-27,84,5,"['56', '874', '873', '884', '1151']"
2017-07-28,27,2,"['826', '1151']"
2017-07-29,83,4,"['99', '51', '874', '876']"
2017-07-30,58,4,"['877', '875', '876', '1151']"
2017-07-31,83,4,"['92', '875', '50', '873']"
2017-08-01,84,5,"['827', '874', '888', '877', '1151']"
2017-08-02,84,5,"['820', '875', '888', '889', '1151']"
2017-08-03,83,4,"['881', '822', '874', '873']"
2017-08-04,27,2,"['54', '1151']"
2017-08-05,83,4,"['98', '875', '825', '873']"
2017-08-06,84,5,"['818', '875', '873', '883', '1151']"
2017-08-07,83,4,"['95', '875', '819', '888']"
2017-08-08,57,3,"['112', '888', '874']"
2017-08-09,83,4,"['109', '874', '830', '887']"
2017-08-10,84,5,"['824', '875', '887', '95', '1151']"
2017-08-11,26,1,['826']
2017-08-12,84,5,"['50', '875', '876', '107', '1151']"
2017-08-13,27,2,"['819', '1151']"
2017-08-14,83,4,"['878', '823', '875', '888']"
2017-08-15,58,4,"['902', '874', '888', '1151']"
2017-08-16,83,4,"['884', '819', '875', '876']"
2017-08-17,84,5,"['830', '874', '888', '103', '1151']"
2017-08-18,84,5,"['825', '874', '873', '93', '1151']"
2017-08-19,83,4,"['895', '874', '829', '888']"
2017-08-20,27,2,"['824', '1151']"
2017-08-21,83,4,"['885', '874', '53', '887']"
2017-08-22,84,5,"['51', '875', '887', '878', '1151']"
2017-08-23,83,4,"['883', '817', '874', '888']"
2017-08-24,57,3,"['889', '874', '876']"
2017-08-25,83,4,"['94', '875', '830', '873']"
2017-08-26,84,5,"['55', '875', '876', '895', '1151']"
2017-08-27,26,1,['57']
2017-08-28,84,5,"['53', '875', '873', '101', '1151']"
2017-08-29,27,2,"['822', '1151']"
2017-08-30,83,4,"['884', '874', '823', '887']"
2017-08-31,58,4,"['906', '874', '1151', '887']"
2017-09-01,83,4,"['898', '826', '887', '875']"
2017-09-02,58,4,"['92', '875', '1151', '887']"
2017-09-03,84,5,"['828', '874', '876', '95', '1151']"
2017-09-04,83,4,"['895', '53', '875', '887']"
2017-09-05,27,2,"['828', '1151']"
2017-09-06,83,4,"['902', '822', '875', '873']"
2017-09-07,84,5,"['827', '874', '873', '101', '1151']"
2017-09-08,83,4,"['100', '875', '820', '887']"
2017-09-09,57,3,"['92', '875', '876']"
2017-09-10,83,4,"['889', '875', '819', '876']"
2017-09-11,84,5,"['821', '874', '876', '94', '1151']"
2017-09-12,26,1,['826']
2017-09-13,84,5,"['822', '874', '876', '898', '1151']"
2017-09-14,27,2,"['830', '1151']"
2017-09-15,83,4,"['904', '875', '820', '887']"
2017-09-16,58,4,"['109', '1151', '888', '875']"
2017-09-17,83,4,"['97', '874', '53', '876']"
2017-09-18,84,5,"['818', '875', '887', '900', '1151']"
2017-09-19,84,5,"['48', '874', '888', '103', '1151']"
2017-09-20,83,4,"['883', '57', '874', '887']"
2017-09-21,27,2,"['52', '1151']"
2017-09-22,83,4,"['896', '874', '832', '873']"
2017-09-23,84,5,"['54', '875', '876', '893', '1151']"
2017-09-24,83,4,"['885', '874', '57', '873']"
2017-09-25,57,3,"['902', '888', '875']"
2017-09-26,83,4,"['883', '817', '874', '876']"
2017-09-27,84,5,"['53', '875', '876', '91', '1151']"
2017-09-29,84,5,"['830', '874', '876', '906', '1151']"
2017-09-30,27,2,"['824', '1151']"
2017-10-01,83,4,"['95', '875', '52', '888']"
2017-10-02,58,4,"['94', '1151', '873', '874']"
2017-10-03,83,4,"['95', '874', '823', '887']"
2017-10-04,84,5,"['828', '874', '888', '894', '1151']"
2017-10-05,84,5,"['823', '875', '876', '896', '1151']"
2017-10-06,83,4,"['905', '875', '823', '873']"
2017-10-07,27,2,"['830', '1151']"
2017-10-08,83,4,"['104', '874', '56', '888']"
2017-10-09,84,5,"['824', '875', '887', '113', '1151']"
2017-10-10,83,4,"['903', '823', '874', '887']"
2017-10-11,57,3,"['104', '874', '888']"
2017-10-12,83,4,"['893', '831', '875', '876']"
2017-10-13,84,5,"['824', '874', '873', '900', '1151']"
2017-10-14,26,1,['819']
2017-10-15,84,5,"['57', '887', '874', '883', '1151']"
2017-10-16,27,2,"['826', '1151']"
2017-10-17,83,4,"['899', '52', '873', '875']"
2017-10-18,58,4,"['99', '875', '1151', '887']"
2017-10-19,83,4,"['879', '875', '50', '876']"
2017-10-20,84,5,"['55', '874', '873', '98', '1151']"
2017-10-21,84,5,"['820', '875', '888', '91', '1151']"
2017-10-22,83,4,"['111', '827', '875', '888']"
2017-10-23,27,2,"['57', '1151']"
2017-10-24,83,4,"['878', '875', '822', '888']"
2017-10-25,84,5,"['828', '875', '888', '107', '1151']"
2017-10-26,83,4,"['106', '875', '57', '887']"
2017-10-27,57,3,"['893', '874', '876']"
2017-10-28,83,4,"['904', '875', '819', '876']"
2017-10-29,84,5,"['52', '874', '876', '107', '1151']"
2017-10-30,26,1,['825']
2017-10-31,84,5,"['832', '875', '887', '107', '1151']"
2017-11-01,27,2,"['56', '1151']"
2017-11-02,83,4,"['95', '832', '875', '873']"
2017-11-03,58,4,"['93', '875', '1151', '876']"
2017-11-04,83,4,"['881', '874', '54', '888']"
2017-11-05,84,5,"['824', '874', '887', '92', '1151']"
2017-11-06,84,5,"['48', '875', '876', '900', '1151']"
2017-11-07,83,4,"['892', '875', '828', '888']"
2017-11-08,27,2,"['828', '1151']"
2017-11-09,83,4,"['877', '55', '875', '887']"
2017-11-10,84,5,"['830', '875', '873', '98', '1151']"
2017-11-11,83,4,"['99', '55', '875', '887']"
2017-11-12,57,3,"['900', '875', '887']"
2017-11-13,83,4,"['92', '874', '828', '873']"
2017-11-14,84,5,"['832', '875', '888', '107', '1151']"
2017-11-15,26,1,['51']
2017-11-16,84,5,"['54', '874', '888', '100', '1151']"
2017-11-17,27,2,"['821', '1151']"
2017-11-18,83,4,"['886', '875', '820', '873']"
2017-11-19,58,4,"['895', '874', '1151', '873']"
2017-11-20,83,4,"['880', '874', '827', '888']"
2017-11-21,84,5,"['817', '875', '887', '102', '1151']"
2017-11-22,84,5,"['49', '875', '887', '105', '1151']"
2017-11-23,83,4,"['895', '875', '48', '888']"
2017-11-24,27,2,"['50', '1151']"
2017-11-25,83,4,"['904', '874', '831', '876']"
2017-11-26,84,5,"['831', '874', '887', '903', '1151']"
2017-11-27,83,4,"['899', '874', '822', '873']"
2017-11-28,57,3,"['92', '874', '888']"
2017-11-29,83,4,"['883', '875', '55', '876']"
2017-11-30,84,5,"['824', '874', '887', '899', '1151']"
2017-12-01,26,1,['827']
2017-12-02,84,5,"['824', '875', '876', '884', '1151']"
2017-12-03,27,2,"['820', '1151']"
2017-12-04,83,4,"['112', '875', '50', '876']"
2017-12-05,58,4,"['113', '874', '1151', '887']"
2017-12-06,83,4,"['105', '874', '827', '873']"
2017-12-07,84,5,"['817', '875', '876', '92', '1151']"
2017-12-08,84,5,"['831', '874', '876', '93', '1151']"
2017-12-09,83,4,"['99', '51', '874', '888']"
2017-12-10,27,2,"['817', '1151']"
2017-12-11,83,4,"['107', '874', '49', '876']"
2017-12-12,84,5,"['823', '875', '888', '897', '1151']"
2017-12-13,83,4,"['97', '874', '828', '876']"
2017-12-14,57,3,"['110', '874', '887']"
2017-12-15,83,4,"['877', '874', '826', '873']"
2017-12-16,84,5,"['819', '874', '887', '112', '1151']"
2017-12-17,26,1,['53']
2017-12-18,84,5,"['826', '875', '888', '94', '1151']"
2017-12-19,27,2,"['54', '1151']"
2017-12-20,83,4,"['102', '874', '827', '873']"
2017-12-21,58,4,"['109', '874', '1151', '887']"
2017-12-22,83,4,"['904', '875', '826', '876']"
2017-12-23,84,5,"['48', '875', '887', '894', '1151']"
2017-12-24,84,5,"['830', '874', '873', '111', '1151']"
2017-12-25,83,4,"['904', '874', '52', '876']"
2017-12-26,27,2,"['831', '1151']"
2017-12-27,83,4,"['893', '875', '832', '888']"
2017-12-28,84,5,"['826', '874', '888', '898', '1151']"
2017-12-29,83,4,"['107', '49', '874', '888']"
2017-12-30,57,3,"['903', '874', '888']"
2017-12-31,83,4,"['93', '874', '828', '888']"
2018-01-01,84,5,"['53', '874', '876', '898', '1151']"
2018-01-02,26,1,['828']
2018-01-03,84,5,"['826', '874', '873', '93', '1151']"
2018-01-04,27,2,"['52', '1151']"
2018-01-05,83,4,"['880', '875', '819', '873']"
2018-01-06,58,4,"['884', '875', '1151', '873']"
2018-01-07,83,4,"['109', '875', '53', '888']"
2018-01-08,84,5,"['54', '874', '876', '91', '1151']"
2018-01-09,84,5,"['824', '874', '873', '896', '1151']"
2018-01-10,83,4,"['878', '875', '52', '876']"
2018-01-11,27,2,"['826', '1151']"
2018-01-12,83,4,"['880', '826', '874', '876']"
2018-01-13,84,5,"['818', '874', '873', '889', '1151']"
2018-01-14,83,4,"['885', '49', '874', '887']"
2018-01-15,57,3,"['105', '875', '887']"
2018-01-16,83,4,"['881', '829', '875', '887']"
2018-01-17,84,5,"['824', '875', '887', '903', '1151']"
2018-01-18,26,1,['824']
2018-01-19,84,5,"['823', '875', '887', '906', '1151']"
2018-01-20,27,2,"['821', '1151']"
2018-01-21,83,4,"['900', '875', '51', '876']"
2018-01-22,58,4,"['899', '1151', '876', '875']"
2018-01-23,83,4,"['93', '52', '874', '887']"
2018-01-24,84,5,"['818', '875', '887', '877', '1151']"
2018-01-25,84,5,"['828', '874', '873', '886', '1151']"
2018-01-26,83,4,"['893', '874', '826', '873']"
2018-01-27,27,2,"['49', '1151']"
2018-01-28,83,4,"['891', '875', '55', '873']"
2018-01-29,84,5,"['819', '875', '887', '885', '1151']"
2018-01-30,83,4,"['96', '874', '829', '873']"
2018-01-31,57,3,"['881', '874', '876']"
2018-02-01,83,4,"['95', '819', '875', '876']"
2018-02-02,84,5,"['50', '875', '887', '900', '1151']"
2018-02-03,26,1,['820']
2018-02-04,84,5,"['820', '875', '873', '105', '1151']"
2018-02-05,27,2,"['819', '1151']"
2018-02-06,83,4,"['890', '48', '875', '888']"
2018-02-07,58,4,"['111', '1151', '887', '875']"
2018-02-08,83,4,"['113', '823', '875', '876']"
2018-02-09,84,5,"['827', '875', '876', '113', '1151']"
2018-02-10,84,5,"['51', '875', '873', '878', '1151']"
2018-02-11,83,4,"['100', '874', '826', '876']"
2018-02-12,27,2,"['821', '1151']"
2018-02-13,83,4,"['882', '875', '831', '873']"
2018-02-14,84,5,"['821', '875', '888', '891', '1151']"
2018-02-15,83,4,"['891', '874', '56', '873']"
2018-02-16,57,3,"['92', '875', '873']"
2018-02-17,57,3,"['100', '874', '876']"
2018-02-18,84,5,"['822', '874', '873', '92', '1151']"
2018-02-19,26,1,['52']
2018-02-20,84,5,"['53', '874', '873', '893', '1151']"
2018-02-21,27,2,"['824', '1151']"
2018-02-22,83,4,"['100', '874', '54', '888']"
2018-02-23,58,4,"['108', '874', '1151', '887']"
2018-02-24,83,4,"['91', '874', '829', '876']"
2018-02-25,84,5,"['56', '875', '887', '901', '1151']"
2018-02-26,84,5,"['823', '874', '876', '897', '1151']"
2018-02-27,83,4,"['101', '875', '56', '873']"
2018-02-28,27,2,"['818', '1151']"
2018-03-01,83,4,"['100', '48', '875', '873']"
2018-03-02,84,5,"['49', '874', '888', '101', '1151']"
2018-03-03,83,4,"['110', '818', '875', '887']"
2018-03-04,57,3,"['880', '874', '888']"
2018-03-05,83,4,"['900', '55', '875', '887']"
2018-03-06,84,5,"['820', '874', '888', '902', '1151']"
2018-03-07,26,1,['50']
2018-03-08,84,5,"['55', '874', '887', '91', '1151']"
2018-03-09,26,1,['819']
2018-03-10,83,4,"['110', '875', '828', '873']"
2018-03-11,58,4,"['906', '875', '1151', '876']"
2018-03-12,83,4,"['104', '824', '875', '876']"
2018-03-13,84,5,"['823', '875', '873', '103', '1151']"
2018-03-14,84,5,"['821', '875', '873', '105', '1151']"
2018-03-15,83,4,"['97', '874', '825', '876']"
2018-03-16,27,2,"['52', '1151']"
2018-03-17,83,4,"['890', '831', '874', '887']"
2018-03-18,84,5,"['52', '874', '876', '890', '1151']"
2018-03-19,83,4,"['890', '874', '823', '887']"
2018-03-20,57,3,"['881', '874', '888']"
2018-03-21,83,4,"['93', '48', '875', '888']"
2018-03-22,84,5,"['821', '875', '873', '113', '1151']"
2018-03-23,26,1,['822']
2018-03-24,84,5,"['826', '875', '876', '880', '1151']"
2018-03-25,27,2,"['823', '1151']"
2018-03-26,83,4,"['100', '875', '57', '887']"
2018-03-27,58,4,"['108', '875', '888', '1151']"
2018-03-28,83,4,"['884', '875', '829', '887']"
2018-03-29,84,5,"['50', '875', '876', '110', '1151']"
2018-03-30,84,5,"['56', '875', '876', '891', '1151']"
2018-03-31,83,4,"['92', '49', '874', '888']"
2018-04-01,27,2,"['822', '1151']"
2018-04-02,83,4,"['111', '822', '874', '888']"
2018-04-03,84,5,"['49', '874', '876', '901', '1151']"
2018-04-04,83,4,"['103', '875', '822', '888']"
2018-04-05,57,3,"['897', '874', '873']"
2018-04-06,83,4,"['902', '874', '52', '887']"
2018-04-07,84,5,"['55', '874', '887', '895', '1151']"
2018-04-08,26,1,['824']
2018-04-09,84,5,"['53', '874', '887', '896', '1151']"
2018-04-10,27,2,"['820', '1151']"
2018-04-11,83,4,"['894', '875', '50', '873']"
2018-04-12,58,4,"['894', '874', '1151', '876']"
2018-04-13,83,4,"['98', '56', '874', '887']"
2018-04-14,84,5,"['829', '875', '873', '896', '1151']"
2018-04-15,84,5,"['832', '875', '888', '95', '1151']"
2018-04-16,83,4,"['889', '874', '51', '887']"
2018-04-17,27,2,"['817', '1151']"
2018-04-18,83,4,"['110', '875', '826', '876']"
2018-04-19,84,5,"['831', '875', '887', '104', '1151']"
2018-04-20,83,4,"['877', '874', '820', '876']"
2018-04-21,57,3,"['109', '875', '873']"
2018-04-22,83,4,"['897', '874', '55', '888']"
2018-04-23,84,5,"['830', '875', '876', '881', '1151']"
2018-04-24,26,1,['821']
2018-04-25,84,5,"['824', '874', '876', '894', '1151']"
2018-04-26,27,2,"['52', '1151']"
2018-04-27,83,4,"['890', '875', '56', '887']"
2018-04-28,58,4,"['881', '875', '1151', '888']"
2018-04-29,83,4,"['900', '874', '830', '887']"
2018-04-30,84,5,"['823', '875', '888', '113', '1151']"
2018-05-01,84,5,"['832', '874', '873', '101', '1151']"
2018-05-02,83,4,"['884', '827', '874', '888']"
2018-05-03,27,2,"['824', '1151']"
2018-05-04,83,4,"['891', '827', '873', '874']"
2018-05-05,84,5,"['820', '874', '887', '906', '1151']"
2018-05-06,83,4,"['904', '51', '874', '876']"
2018-05-07,57,3,"['92', '874', '873']"
2018-05-08,83,4,"['904', '874', '57', '887']"
2018-05-09,84,5,"['831', '875', '876', '105', '1151']"
2018-05-10,26,1,['825']
2018-05-11,84,5,"['51', '874', '887', '886', '1151']"
2018-05-12,27,2,"['826', '1151']"
2018-05-13,83,4,"['111', '49', '875', '888']"
2018-05-14,58,4,"['104', '875', '887', '1151']"
2018-05-15,83,4,"['878', '875', '57', '888']"
2018-05-16,84,5,"['826', '874', '887', '895', '1151']"
2018-05-17,84,5,"['829', '875', '888', '92', '1151']"
2018-05-18,83,4,"['899', '875', '829', '876']"
2018-05-19,27,2,"['831', '1151']"
2018-05-20,83,4,"['886', '874', '821', '876']"
2018-05-21,84,5,"['823', '874', '873', '109', '1151']"
2018-05-22,83,4,"['113', '875', '49', '887']"
2018-05-23,57,3,"['102', '874', '888']"
2018-05-24,83,4,"['903', '875', '826', '887']"
2018-05-25,84,5,"['819', '875', '873', '896', '1151']"
2018-05-26,26,1,['49']
2018-05-27,84,5,"['832', '874', '873', '882', '1151']"
2018-05-28,27,2,"['53', '1151']"
2018-05-29,83,4,"['896', '875', '57', '887']"
2018-05-30,58,4,"['104', '875', '1151', '888']"
2018-05-31,83,4,"['890', '832', '874', '888']"
2018-06-01,84,5,"['822', '874', '887', '111', '1151']"
2018-06-02,84,5,"['824', '875', '873', '883', '1151']"
2018-06-03,83,4,"['895', '874', '54', '887']"
2018-06-04,27,2,"['821', '1151']"
2018-06-05,83,4,"['879', '823', '874', '873']"
2018-06-06,84,5,"['49', '875', '887', '112', '1151']"
2018-06-07,83,4,"['904', '874', '821', '876']"
2018-06-08,57,3,"['904', '875', '873']"
2018-06-09,83,4,"['112', '51', '874', '888']"
2018-06-10,58,4,"['101', '1151', '887', '874']"
2018-06-11,26,1,['831']
2018-06-12,84,5,"['48', '874', '873', '905', '1151']"
2018-06-13,27,2,"['57', '1151']"
2018-06-14,83,4,"['885', '54', '875', '873']"
2018-06-15,58,4,"['891', '874', '1151', '887']"
2018-06-16,83,4,"['102', '875', '822', '887']"
2018-06-17,84,5,"['53', '874', '888', '878', '1151']"
2018-06-18,84,5,"['821', '874', '876', '93', '1151']"
2018-06-19,83,4,"['91', '874', '820', '887']"
2018-06-20,27,2,"['820', '1151']"
2018-06-21,83,4,"['103', '875', '821', '873']"
2018-06-22,84,5,"['817', '874', '888', '890', '1151']"
2018-06-23,83,4,"['890', '874', '820', '888']"
2018-06-24,57,3,"['879', '874', '888']"
2018-06-25,83,4,"['102', '875', '54', '888']"
2018-06-26,84,5,"['830', '874', '887', '880', '1151']"
2018-06-27,26,1,['55']
2018-06-28,84,5,"['56', '874', '873', '884', '1151']"
2018-06-29,27,2,"['49', '1151']"
2018-06-30,83,4,"['892', '874', '821', '887']"
2018-07-01,58,4,"['98', '875', '1151', '876']"
2018-07-02,83,4,"['878', '874', '49', '876']"
2018-07-03,84,5,"['825', '875', '876', '92', '1151']"
2018-07-04,84,5,"['55', '875', '873', '903', '1151']"
2018-07-05,83,4,"['884', '820', '875', '873']"
2018-07-06,27,2,"['828', '1151']"
2018-07-07,83,4,"['895', '875', '831', '888']"
2018-07-08,84,5,"['823', '874', '873', '893', '1151']"
2018-07-09,83,4,"['98', '51', '874', '876']"
2018-07-10,57,3,"['891', '874', '876']"
2018-07-11,83,4,"['880', '874', '830', '873']"
2018-07-12,84,5,"['824', '874', '888', '878', '1151']"
2018-07-13,26,1,['57']
2018-07-14,84,5,"['823', '874', '876', '102', '1151']"
2018-07-15,27,2,"['52', '1151']"
2018-07-16,83,4,"['890', '875', '821', '876']"
2018-07-17,58,4,"['102', '874', '1151', '876']"
2018-07-18,83,4,"['102', '822', '875', '873']"
2018-07-19,84,5,"['826', '874', '873', '904', '1151']"
2018-07-20,84,5,"['818', '875', '887', '881', '1151']"
2018-07-21,83,4,"['906', '875', '50', '873']"
2018-07-22,27,2,"['52', '1151']"
2018-07-23,83,4,"['892', '874', '820', '888']"
2018-07-24,84,5,"['829', '874', '887', '111', '1151']"
2018-07-25,83,4,"['890', '874', '821', '876']"
2018-07-26,57,3,"['898', '875', '876']"
2018-07-27,83,4,"['904', '54', '874', '887']"
2018-07-28,84,5,"['57', '875', '887', '891', '1151']"
2018-07-29,26,1,['50']
2018-07-30,84,5,"['56', '874', '876', '890', '1151']"
2018-07-31,27,2,"['819', '1151']"
2018-08-01,83,4,"['892', '874', '48', '887']"
2018-08-02,58,4,"['95', '874', '888', '1151']"
2018-08-03,83,4,"['900', '831', '874', '873']"
2018-08-04,84,5,"['823', '874', '873', '903', '1151']"
2018-08-05,84,5,"['828', '874', '876', '904', '1151']"
2018-08-06,57,3,"['895', '876', '874']"
2018-08-07,27,2,"['819', '1151']"
2018-08-08,83,4,"['890', '874', '49', '876']"
2018-08-09,84,5,"['824', '875', '873', '892', '1151']"
2018-08-10,83,4,"['880', '822', '875', '887']"
2018-08-11,57,3,"['95', '875', '887']"
2018-08-12,83,4,"['96', '874', '831', '888']"
2018-08-13,84,5,"['818', '874', '887', '898', '1151']"
2018-08-14,26,1,['822']
2018-08-15,84,5,"['50', '875', '888', '890', '1151']"
2018-08-16,27,2,"['53', '1151']"
2018-08-17,83,4,"['95', '874', '818', '887']"
2018-08-18,57,3,"['882', '875', '887']"
2018-08-19,83,4,"['898', '825', '874', '876']"
2018-08-20,84,5,"['55', '874', '873', '106', '1151']"
2018-08-21,84,5,"['820', '874', '888', '882', '1151']"
2018-08-22,83,4,"['899', '875', '49', '887']"
2018-08-23,27,2,"['51', '1151']"
2018-08-24,83,4,"['106', '874', '54', '887']"
2018-08-25,84,5,"['830', '875', '888', '892', '1151']"
2018-08-26,83,4,"['107', '874', '832', '888']"
2018-08-27,57,3,"['896', '875', '876']"
2018-08-28,83,4,"['900', '818', '874', '887']"
2018-08-29,84,5,"['820', '875', '887', '894', '1151']"
2018-08-30,26,1,['818']
2018-08-31,84,5,"['820', '874', '873', '109', '1151']"
2018-09-01,27,2,"['817', '1151']"
2018-09-02,57,3,"['906', '876', '874']"
2018-09-03,58,4,"['105', '874', '1151', '873']"
2018-09-04,83,4,"['899', '830', '874', '873']"
2018-09-05,84,5,"['55', '874', '876', '91', '1151']"
2018-09-06,84,5,"['52', '875', '887', '104', '1151']"
2018-09-07,83,4,"['100', '874', '820', '887']"
2018-09-08,26,1,['49']
2018-09-09,83,4,"['900', '875', '824', '888']"
2018-09-10,84,5,"['48', '874', '873', '95', '1151']"
2018-09-11,83,4,"['902', '875', '53', '887']"
2018-09-12,57,3,"['906', '875', '887']"
2018-09-13,83,4,"['900', '875', '54', '888']"
2018-09-14,84,5,"['50', '875', '887', '900', '1151']"
2018-09-15,26,1,['821']
2018-09-16,84,5,"['57', '875', '887', '891', '1151']"
2018-09-17,27,2,"['822', '1151']"
2018-09-18,83,4,"['92', '829', '875', '888']"
2018-09-19,58,4,"['92', '1151', '887', '875']"
2018-09-20,57,3,"['889', '874', '887']"
2018-09-21,84,5,"['824', '874', '876', '105', '1151']"
2018-09-22,84,5,"['825', '875', '887', '892', '1151']"
2018-09-23,83,4,"['905', '875', '48', '876']"
2018-09-24,27,2,"['821', '1151']"
2018-09-25,83,4,"['91', '875', '57', '876']"
2018-09-26,84,5,"['53', '874', '873', '880', '1151']"
2018-09-27,83,4,"['896', '875', '826', '887']"
2018-09-28,57,3,"['903', '875', '873']"
2018-09-29,83,4,"['101', '824', '875', '888']"
2018-09-30,84,5,"['821', '875', '873', '102', '1151']"
2018-10-01,26,1,['828']
2018-10-02,84,5,"['822', '874', '876', '882', '1151']"
2018-10-03,27,2,"['832', '1151']"
2018-10-04,83,4,"['109', '827', '875', '873']"
2018-10-05,58,4,"['893', '874', '1151', '887']"
2018-10-06,57,3,"['903', '873', '875']"
2018-10-07,84,5,"['56', '874', '876', '93', '1151']"
2018-10-08,84,5,"['831', '873', '874', '877', '1151']"
2018-10-09,83,4,"['104', '824', '875', '873']"
2018-10-10,27,2,"['818', '1151']"
2018-10-11,83,4,"['879', '874', '49', '888']"
2018-10-12,84,5,"['824', '875', '876', '886', '1151']"
2018-10-13,83,4,"['885', '875', '51', '876']"
2018-10-14,57,3,"['107', '874', '888']"
2018-10-15,83,4,"['109', '875', '51', '876']"
2018-10-16,84,5,"['820', '875', '876', '100', '1151']"
2018-10-17,26,1,['829']
2018-10-18,84,5,"['817', '874', '887', '905', '1151']"
2018-10-19,27,2,"['821', '1151']"
2018-10-20,83,4,"['91', '821', '875', '887']"
2018-10-21,58,4,"['905', '874', '876', '1151']"
2018-10-22,83,4,"['113', '827', '875', '888']"
2018-10-23,84,5,"['831', '875', '888', '893', '1151']"
2018-10-24,84,5,"['820', '874', '888', '106', '1151']"
2018-10-25,83,4,"['99', '875', '826', '873']"
2018-10-26,27,2,"['56', '1151']"
2018-10-27,83,4,"['109', '874', '826', '876']"
2018-10-28,84,5,"['53', '874', '876', '884', '1151']"
2018-10-29,83,4,"['882', '817', '888', '875']"
2018-10-30,57,3,"['889', '875', '887']"
2018-10-31,83,4,"['884', '825', '875', '887']"
2018-11-01,84,5,"['829', '875', '888', '906', '1151']"
2018-11-02,26,1,['53']
2018-11-03,84,5,"['51', '875', '873', '93', '1151']"
2018-11-04,27,2,"['49', '1151']"
2018-11-05,83,4,"['877', '829', '875', '873']"
2018-11-06,58,4,"['878', '875', '1151', '888']"
2018-11-07,83,4,"['112', '818', '875', '876']"
2018-11-08,84,5,"['50', '875', '873', '904', '1151']"
2018-11-09,84,5,"['823', '875', '873', '905', '1151']"
2018-11-10,83,4,"['91', '874', '57', '876']"
2018-11-11,27,2,"['56', '1151']"
2018-11-12,83,4,"['93', '875', '49', '873']"
2018-11-13,84,5,"['824', '875', '873', '106', '1151']"
2018-11-14,83,4,"['93', '875', '831', '888']"
2018-11-15,57,3,"['878', '875', '887']"
2018-11-16,83,4,"['101', '824', '874', '876']"
2018-11-17,84,5,"['831', '875', '888', '893', '1151']"
2018-11-18,26,1,['56']
2018-11-19,84,5,"['823', '874', '887', '109', '1151']"
2018-11-20,27,2,"['49', '1151']"
2018-11-21,83,4,"['905', '874', '49', '887']"
2018-11-22,58,4,"['94', '875', '1151', '873']"
2018-11-23,83,4,"['111', '874', '52', '873']"
2018-11-24,84,5,"['48', '875', '876', '96', '1151']"
2018-11-25,84,5,"['825', '874', '887', '91', '1151']"
2018-11-26,83,4,"['93', '875', '822', '876']"
2018-11-27,27,2,"['53', '1151']"
2018-11-28,83,4,"['896', '874', '825', '888']"
2018-11-29,84,5,"['832', '875', '888', '111', '1151']"
2018-11-30,83,4,"['894', '48', '875', '876']"
2018-12-01,57,3,"['882', '875', '876']"
2018-12-02,83,4,"['891', '874', '819', '888']"
2018-12-03,84,5,"['53', '874', '888', '893', '1151']"
2018-12-04,26,1,['54']
2018-12-05,84,5,"['51', '874', '873', '903', '1151']"
2018-12-06,27,2,"['826', '1151']"
2018-12-07,83,4,"['904', '875', '55', '887']"
2018-12-08,58,4,"['103', '874', '1151', '888']"
2018-12-09,83,4,"['113', '874', '819', '887']"
2018-12-10,84,5,"['56', '875', '888', '894', '1151']"
2018-12-11,84,5,"['827', '875', '888', '895', '1151']"
2018-12-12,83,4,"['884', '51', '874', '887']"
2018-12-13,27,2,"['828', '1151']"
2018-12-14,83,4,"['94', '874', '55', '873']"
2018-12-15,84,5,"['817', '875', '887', '113', '1151']"
2018-12-17,57,3,"['100', '874', '876']"
2018-12-18,83,4,"['897', '875', '50', '888']"
2018-12-19,84,5,"['52', '874', '887', '900', '1151']"
2018-12-20,26,1,['832']
2018-12-21,84,5,"['819', '874', '887', '881', '1151']"
2018-12-22,27,2,"['57', '1151']"
2018-12-23,83,4,"['93', '874', '825', '873']"
2018-12-24,58,4,"['103', '874', '876', '1151']"
2018-12-25,83,4,"['903', '875', '817', '888']"
2018-12-26,84,5,"['825', '874', '876', '883', '1151']"
2018-12-27,84,5,"['52', '874', '873', '894', '1151']"
2018-12-28,83,4,"['890', '875', '54', '873']"
2018-12-29,27,2,"['825', '1151']"
2018-12-30,83,4,"['98', '874', '826', '887']"
2018-12-31,84,5,"['55', '875', '887', '902', '1151']"
2019-01-01,83,4,"['886', '874', '51', '887']"
2019-01-02,57,3,"['108', '874', '876']"
2019-01-03,83,4,"['893', '875', '51', '873']"
2019-01-04,84,5,"['820', '875', '887', '105', '1151']"
2019-01-05,26,1,['57']
2019-01-06,84,5,"['829', '875', '873', '93', '1151']"
2019-01-07,27,2,"['830', '1151']"
2019-01-08,83,4,"['99', '875', '48', '888']"
2019-01-09,58,4,"['110', '1151', '888', '875']"
2019-01-10,83,4,"['879', '819', '875', '887']"
2019-01-11,84,5,"['826', '874', '876', '99', '1151']"
2019-01-12,84,5,"['826', '874', '876', '105', '1151']"
2019-01-13,83,4,"['95', '874', '817', '888']"
2019-01-14,27,2,"['823', '1151']"
2019-01-15,83,4,"['894', '875', '819', '873']"
2019-01-16,84,5,"['48', '874', '873', '883', '1151']"
2019-01-17,83,4,"['894', '874', '817', '873']"
2019-01-18,57,3,"['109', '874', '887']"
2019-01-19,83,4,"['886', '875', '49', '876']"
2019-01-20,84,5,"['823', '875', '888', '899', '1151']"
2019-01-21,26,1,['52']
2019-01-22,84,5,"['819', '874', '888', '895', '1151']"
2019-01-23,27,2,"['48', '1151']"
2019-01-24,83,4,"['884', '52', '875', '887']"
2019-01-25,58,4,"['892', '874', '876', '1151']"
2019-01-26,83,4,"['905', '874', '830', '876']"
2019-01-27,84,5,"['819', '875', '876', '885', '1151']"
2019-01-28,84,5,"['819', '874', '873', '92', '1151']"
2019-01-29,83,4,"['898', '824', '875', '888']"
2019-01-30,27,2,"['826', '1151']"
2019-01-31,83,4,"['92', '875', '830', '876']"
2019-02-01,84,5,"['56', '874', '873', '902', '1151']"
2019-02-02,83,4,"['889', '48', '875', '876']"
2019-02-03,57,3,"['886', '876', '875']"
2019-02-04,83,4,"['877', '824', '874', '888']"
2019-02-05,84,5,"['50', '875', '873', '881', '1151']"
2019-02-06,26,1,['829']
2019-02-07,84,5,"['50', '874', '888', '885', '1151']"
2019-02-08,1,1,['1151']
2019-02-09,57,3,"['899', '874', '873']"
2019-02-10,58,4,"['92', '875', '1151', '873']"
2019-02-11,83,4,"['93', '874', '48', '873']"
2019-02-12,84,5,"['55', '874', '888', '880', '1151']"
2019-02-13,84,5,"['49', '875', '888', '902', '1151']"
2019-02-14,83,4,"['904', '829', '875', '888']"
2019-02-15,27,2,"['50', '1151']"
2019-02-16,57,3,"['900', '873', '875']"
2019-02-17,84,5,"['52', '875', '887', '906', '1151']"
2019-02-18,83,4,"['900', '875', '822', '887']"
2019-02-19,57,3,"['110', '875', '888']"
2019-02-20,57,3,"['897', '874', '888']"
2019-02-21,84,5,"['819', '875', '876', '93', '1151']"
2019-02-23,84,5,"['823', '875', '873', '102', '1151']"
2019-02-24,27,2,"['825', '1151']"
2019-02-25,57,3,"['883', '875', '876']"
2019-02-26,58,4,"['902', '874', '1151', '888']"
2019-02-27,57,3,"['899', '874', '888']"
2019-02-28,58,4,"['881', '874', '1151', '876']"
2019-03-01,58,4,"['878', '1151', '873', '875']"
2019-03-02,57,3,"['881', '874', '888']"
2019-03-03,1,1,['1151']
2019-03-04,57,3,"['892', '875', '887']"
2019-03-05,58,4,"['889', '875', '1151', '873']"
2019-03-06,57,3,"['895', '875', '888']"
2019-03-07,57,3,"['101', '875', '887']"
2019-03-08,57,3,"['94', '873', '874']"
2019-03-09,58,4,"['109', '1151', '876', '874']"
2019-03-10,26,1,['827']
2019-03-11,58,4,"['894', '874', '1151', '888']"
2019-03-12,1,1,['1151']
2019-03-13,83,4,"['880', '875', '56', '887']"
2019-03-14,58,4,"['111', '874', '873', '1151']"
2019-03-15,83,4,"['901', '826', '875', '888']"
2019-03-16,84,5,"['819', '874', '876', '903', '1151']"
2019-03-17,84,5,"['54', '875', '888', '879', '1151']"
2019-03-18,83,4,"['101', '874', '819', '887']"
2019-03-19,27,2,"['48', '1151']"
2019-03-20,83,4,"['893', '874', '831', '876']"
2019-03-21,84,5,"['823', '875', '887', '893', '1151']"
2019-03-22,83,4,"['900', '51', '874', '876']"
2019-03-23,57,3,"['902', '875', '876']"
2019-03-24,83,4,"['896', '875', '824', '873']"
2019-03-25,84,5,"['50', '875', '873', '897', '1151']"
2019-03-26,26,1,['822']
2019-03-27,84,5,"['818', '875', '873', '95', '1151']"
2019-03-28,27,2,"['829', '1151']"
2019-03-29,83,4,"['889', '874', '828', '873']"
2019-03-30,58,4,"['892', '875', '1151', '888']"
2019-03-31,83,4,"['106', '874', '822', '887']"
2019-04-01,84,5,"['832', '874', '876', '111', '1151']"
2019-04-02,84,5,"['55', '874', '887', '109', '1151']"
2019-04-03,83,4,"['906', '824', '874', '888']"
2019-04-04,27,2,"['49', '1151']"
2019-04-05,83,4,"['896', '875', '55', '876']"
2019-04-06,84,5,"['817', '874', '876', '891', '1151']"
2019-04-07,83,4,"['110', '874', '828', '888']"
2019-04-08,57,3,"['884', '875', '876']"
2019-04-09,83,4,"['892', '874', '831', '887']"
2019-04-10,84,5,"['56', '875', '888', '886', '1151']"
2019-04-11,26,1,['56']
2019-04-12,84,5,"['824', '874', '876', '895', '1151']"
2019-04-13,27,2,"['829', '1151']"
2019-04-14,83,4,"['106', '874', '822', '876']"
2019-04-15,58,4,"['883', '874', '1151', '888']"
2019-04-16,83,4,"['886', '827', '875', '887']"
2019-04-17,84,5,"['830', '874', '887', '103', '1151']"
2019-04-18,84,5,"['825', '874', '873', '99', '1151']"
2019-04-19,83,4,"['92', '874', '828', '888']"
2019-04-20,27,2,"['52', '1151']"
2019-04-21,83,4,"['105', '53', '874', '887']"
2019-04-22,84,5,"['827', '875', '876', '91', '1151']"
2019-04-23,83,4,"['99', '874', '832', '876']"
2019-04-24,57,3,"['111', '875', '876']"
2019-04-25,83,4,"['895', '823', '874', '873']"
2019-04-26,84,5,"['831', '875', '888', '877', '1151']"
2019-04-27,26,1,['54']
2019-04-28,84,5,"['52', '874', '888', '106', '1151']"
2019-04-29,27,2,"['819', '1151']"
2019-04-30,83,4,"['890', '53', '875', '876']"
2019-05-01,58,4,"['107', '1151', '887', '874']"
2019-05-02,83,4,"['902', '875', '823', '888']"
2019-05-03,84,5,"['825', '875', '876', '902', '1151']"
2019-05-04,84,5,"['829', '875', '873', '112', '1151']"
2019-05-05,83,4,"['110', '828', '875', '876']"
2019-05-06,27,2,"['831', '1151']"
2019-05-07,83,4,"['91', '875', '817', '888']"
2019-05-08,84,5,"['821', '875', '876', '903', '1151']"
2019-05-09,83,4,"['892', '874', '830', '887']"
2019-05-10,57,3,"['96', '874', '888']"
2019-05-11,83,4,"['108', '875', '53', '888']"
2019-05-12,84,5,"['49', '875', '888', '101', '1151']"
2019-05-13,26,1,['823']
2019-05-14,84,5,"['50', '874', '888', '110', '1151']"
2019-05-15,27,2,"['48', '1151']"
2019-05-16,83,4,"['881', '875', '820', '887']"
2019-05-17,58,4,"['905', '874', '1151', '888']"
2019-05-18,83,4,"['903', '875', '831', '887']"
2019-05-19,83,4,"['110', '874', '53', '888']"
2019-05-20,84,5,"['820', '875', '873', '879', '1151']"
2019-05-21,83,4,"['92', '875', '824', '876']"
2019-05-22,27,2,"['830', '1151']"
2019-05-23,83,4,"['886', '55', '874', '887']"
2019-05-24,84,5,"['817', '875', '873', '94', '1151']"
2019-05-25,83,4,"['885', '875', '819', '876']"
2019-05-26,57,3,"['893', '874', '888']"
2019-05-27,83,4,"['895', '874', '830', '887']"
2019-05-28,84,5,"['828', '874', '887', '101', '1151']"
2019-05-29,26,1,['823']
2019-05-30,84,5,"['52', '874', '888', '112', '1151']"
2019-05-31,27,2,"['50', '1151']"
2019-06-01,83,4,"['904', '822', '875', '887']"
2019-06-02,58,4,"['107', '874', '1151', '873']"
2019-06-03,83,4,"['878', '822', '875', '873']"
2019-06-04,84,5,"['831', '875', '876', '885', '1151']"
2019-06-05,84,5,"['830', '874', '876', '892', '1151']"
2019-06-06,83,4,"['905', '874', '824', '873']"
2019-06-07,27,2,"['824', '1151']"
2019-06-08,83,4,"['103', '828', '875', '888']"
2019-06-09,84,5,"['824', '874', '888', '91', '1151']"
2019-06-10,83,4,"['882', '827', '875', '873']"
2019-06-11,57,3,"['98', '874', '888']"
2019-06-12,83,4,"['886', '53', '875', '888']"
2019-06-13,84,5,"['51', '874', '876', '109', '1151']"
2019-06-14,26,1,['52']
2019-06-15,84,5,"['51', '875', '873', '880', '1151']"
2019-06-16,27,2,"['822', '1151']"
2019-06-17,83,4,"['113', '874', '48', '873']"
2019-06-18,58,4,"['883', '875', '1151', '887']"
2019-06-19,83,4,"['894', '875', '832', '887']"
2019-06-20,83,4,"['112', '874', '53', '887']"
2019-06-21,83,4,"['103', '56', '874', '888']"
2019-06-22,83,4,"['878', '820', '874', '876']"
2019-06-23,26,1,['823']
2019-06-24,83,4,"['110', '50', '874', '873']"
2019-06-25,83,4,"['892', '874', '56', '888']"
2019-06-26,83,4,"['885', '819', '874', '888']"
2019-06-27,57,3,"['900', '887', '874']"
2019-06-28,83,4,"['879', '875', '55', '876']"
2019-06-29,83,4,"['892', '875', '52', '887']"
2019-06-30,26,1,['826']
2019-07-01,83,4,"['881', '831', '874', '888']"
2019-07-02,26,1,['829']
2019-07-03,83,4,"['893', '874', '827', '873']"
2019-07-04,57,3,"['890', '873', '874']"
2019-07-05,83,4,"['905', '832', '874', '888']"
2019-07-06,83,4,"['880', '874', '825', '873']"
2019-07-07,83,4,"['99', '875', '830', '888']"
2019-07-08,83,4,"['891', '52', '874', '876']"
2019-07-09,26,1,['820']
2019-07-10,83,4,"['93', '875', '57', '876']"
2019-07-11,83,4,"['903', '826', '874', '873']"
2019-07-12,83,4,"['104', '874', '817', '887']"
2019-07-13,57,3,"['98', '875', '887']"
2019-07-14,83,4,"['893', '875', '819', '887']"
2019-07-15,83,4,"['97', '875', '57', '873']"
2019-07-16,26,1,['53']
2019-07-17,83,4,"['897', '874', '832', '888']"
2019-07-18,26,1,['825']
2019-07-19,57,3,"['109', '874', '887']"
2019-07-20,57,3,"['899', '876', '875']"
2019-07-21,83,4,"['903', '50', '874', '887']"
2019-07-22,83,4,"['96', '874', '820', '876']"
2019-07-23,83,4,"['94', '875', '822', '887']"
2019-07-24,83,4,"['878', '820', '874', '876']"
2019-07-25,27,2,"['823', '1151']"
2019-07-26,83,4,"['882', '874', '53', '876']"
2019-07-27,84,5,"['48', '875', '888', '897', '1151']"
2019-07-28,83,4,"['891', '875', '822', '873']"
2019-07-29,57,3,"['890', '875', '887']"
2019-07-30,83,4,"['892', '875', '824', '876']"
2019-07-31,84,5,"['822', '875', '873', '96', '1151']"
2019-08-01,26,1,['827']
2019-08-02,84,5,"['819', '875', '888', '890', '1151']"
2019-08-03,27,2,"['56', '1151']"
2019-08-04,83,4,"['891', '875', '818', '887']"
2019-08-05,58,4,"['110', '875', '1151', '873']"
2019-08-06,83,4,"['895', '875', '830', '888']"
2019-08-07,84,5,"['56', '874', '873', '891', '1151']"
2019-08-08,84,5,"['823', '874', '888', '905', '1151']"
2019-08-09,83,4,"['900', '874', '56', '887']"
2019-08-10,27,2,"['55', '1151']"
2019-08-11,57,3,"['882', '874', '887']"
2019-08-12,84,5,"['57', '875', '873', '98', '1151']"
2019-08-13,83,4,"['99', '819', '875', '876']"
2019-08-14,57,3,"['880', '888', '874']"
2019-08-15,83,4,"['894', '874', '824', '873']"
2019-08-16,84,5,"['52', '875', '873', '900', '1151']"
2019-08-17,26,1,['824']
2019-08-18,84,5,"['831', '874', '873', '884', '1151']"
2019-08-19,27,2,"['823', '1151']"
2019-08-20,83,4,"['901', '874', '53', '887']"
2019-08-21,58,4,"['893', '1151', '873', '875']"
2019-08-22,83,4,"['904', '875', '53', '873']"
2019-08-23,83,4,"['877', '55', '874', '887']"
2019-08-24,84,5,"['820', '875', '888', '113', '1151']"
2019-08-25,83,4,"['905', '830', '874', '887']"
2019-08-26,27,2,"['57', '1151']"
2019-08-27,83,4,"['110', '817', '874', '876']"
2019-08-28,84,5,"['53', '874', '888', '880', '1151']"
2019-08-29,83,4,"['92', '874', '821', '873']"
2019-08-30,57,3,"['884', '875', '876']"
2019-08-31,83,4,"['104', '874', '821', '888']"
2019-09-01,84,5,"['56', '874', '887', '898', '1151']"
2019-09-02,26,1,['49']
2019-09-03,58,4,"['903', '1151', '873', '874']"
2019-09-04,27,2,"['54', '1151']"
2019-09-05,83,4,"['112', '817', '875', '888']"
2019-09-06,58,4,"['891', '875', '876', '1151']"
2019-09-07,83,4,"['93', '48', '875', '876']"
2019-09-08,84,5,"['821', '874', '873', '881', '1151']"
2019-09-09,84,5,"['825', '875', '887', '886', '1151']"
2019-09-10,57,3,"['902', '887', '875']"
2019-09-11,27,2,"['821', '1151']"
2019-09-12,83,4,"['97', '875', '821', '876']"
2019-09-13,84,5,"['830', '874', '873', '902', '1151']"
2019-09-14,83,4,"['899', '875', '828', '887']"
2019-09-15,57,3,"['878', '888', '874']"
2019-09-16,83,4,"['113', '832', '874', '887']"
2019-09-17,84,5,"['57', '875', '887', '109', '1151']"
2019-09-18,26,1,['57']
2019-09-19,84,5,"['825', '875', '888', '878', '1151']"
2019-09-20,27,2,"['57', '1151']"
2019-09-21,83,4,"['93', '874', '821', '873']"
2019-09-22,58,4,"['899', '1151', '888', '875']"
2019-09-23,83,4,"['91', '829', '875', '887']"
2019-09-24,84,5,"['55', '874', '888', '885', '1151']"
2019-09-25,84,5,"['55', '876', '875', '878', '1151']"
2019-09-26,83,4,"['109', '874', '830', '873']"
2019-09-27,27,2,"['823', '1151']"
2019-09-28,83,4,"['95', '875', '823', '888']"
2019-09-29,84,5,"['57', '875', '887', '107', '1151']"
2019-09-30,83,4,"['896', '49', '874', '873']"
2019-10-01,57,3,"['113', '875', '887']"
2019-10-02,57,3,"['101', '873', '875']"
2019-10-03,84,5,"['831', '875', '876', '877', '1151']"
2019-10-04,26,1,['831']
2019-10-05,84,5,"['832', '874', '873', '901', '1151']"
2019-10-06,27,2,"['832', '1151']"
2019-10-07,83,4,"['896', '874', '832', '873']"
2019-10-08,58,4,"['877', '875', '887', '1151']"
2019-10-09,83,4,"['904', '874', '57', '888']"
2019-10-10,84,5,"['830', '874', '887', '94', '1151']"
2019-10-11,84,5,"['827', '875', '887', '880', '1151']"
2019-10-12,83,4,"['890', '874', '821', '876']"
2019-10-13,27,2,"['825', '1151']"
2019-10-14,83,4,"['103', '874', '56', '887']"
2019-10-15,84,5,"['827', '874', '888', '113', '1151']"
2019-10-16,83,4,"['107', '875', '828', '873']"
2019-10-17,57,3,"['91', '887', '875']"
2019-10-18,83,4,"['877', '875', '54', '876']"
2019-10-19,83,4,"['102', '874', '832', '888']"
2019-10-20,26,1,['819']
2019-10-21,84,5,"['48', '874', '887', '884', '1151']"
2019-10-22,26,1,['55']
2019-10-23,83,4,"['98', '874', '828', '888']"
2019-10-24,58,4,"['99', '1151', '888', '874']"
2019-10-25,83,4,"['882', '875', '828', '876']"
2019-10-26,84,5,"['827', '874', '873', '894', '1151']"
2019-10-27,84,5,"['52', '874', '887', '109', '1151']"
2019-10-28,83,4,"['892', '832', '875', '887']"
2019-10-29,27,2,"['50', '1151']"
2019-10-30,83,4,"['112', '822', '875', '888']"
2019-10-31,84,5,"['57', '874', '887', '889', '1151']"
2019-11-01,83,4,"['893', '874', '51', '876']"
2019-11-02,57,3,"['892', '875', '873']"
2019-11-03,83,4,"['107', '817', '875', '873']"
2019-11-04,84,5,"['57', '874', '873', '891', '1151']"
2019-11-05,26,1,['52']
2019-11-06,84,5,"['825', '874', '873', '884', '1151']"
2019-11-07,27,2,"['48', '1151']"
2019-11-08,83,4,"['99', '53', '874', '887']"
2019-11-09,58,4,"['112', '875', '1151', '873']"
2019-11-10,83,4,"['110', '874', '820', '888']"
2019-11-11,84,5,"['828', '874', '887', '891', '1151']"
2019-11-12,84,5,"['822', '875', '876', '111', '1151']"
2019-11-13,83,4,"['899', '874', '832', '876']"
2019-11-14,27,2,"['52', '1151']"
2019-11-15,83,4,"['106', '875', '55', '873']"
2019-11-16,84,5,"['824', '875', '876', '104', '1151']"
2019-11-17,83,4,"['106', '874', '48', '887']"
2019-11-18,57,3,"['885', '887', '874']"
2019-11-19,83,4,"['99', '819', '874', '876']"
2019-11-20,84,5,"['820', '874', '876', '96', '1151']"
2019-11-21,26,1,['820']
2019-11-22,84,5,"['50', '875', '888', '892', '1151']"
2019-11-23,27,2,"['828', '1151']"
2019-11-24,83,4,"['877', '819', '875', '888']"
2019-11-25,58,4,"['94', '1151', '888', '875']"
2019-11-26,83,4,"['92', '875', '831', '888']"
2019-11-27,84,5,"['54', '875', '873', '108', '1151']"
2019-11-28,84,5,"['825', '875', '873', '884', '1151']"
2019-11-29,83,4,"['891', '874', '56', '873']"
2019-11-30,27,2,"['826', '1151']"
2019-12-01,83,4,"['96', '875', '54', '888']"
2019-12-02,84,5,"['827', '874', '876', '98', '1151']"
2019-12-03,83,4,"['886', '874', '52', '888']"
2019-12-04,57,3,"['92', '873', '875']"
2019-12-05,83,4,"['877', '875', '819', '887']"
2019-12-06,84,5,"['51', '874', '876', '899', '1151']"
2019-12-07,26,1,['817']
2019-12-08,84,5,"['828', '874', '873', '889', '1151']"
2019-12-09,27,2,"['825', '1151']"
2019-12-10,83,4,"['904', '827', '874', '887']"
2019-12-11,58,4,"['903', '1151', '876', '875']"
2019-12-12,83,4,"['107', '832', '874', '873']"
2019-12-13,84,5,"['819', '875', '873', '877', '1151']"
2019-12-14,84,5,"['826', '875', '887', '101', '1151']"
2019-12-15,83,4,"['884', '55', '874', '876']"
2019-12-16,27,2,"['829', '1151']"
2019-12-17,83,4,"['112', '875', '828', '873']"
2019-12-18,84,5,"['830', '875', '887', '906', '1151']"
2019-12-19,83,4,"['93', '52', '874', '887']"
2019-12-20,57,3,"['905', '875', '888']"
2019-12-21,83,4,"['893', '875', '818', '887']"
2019-12-22,84,5,"['828', '875', '873', '96', '1151']"
2019-12-23,26,1,['52']
2019-12-24,84,5,"['819', '875', '888', '108', '1151']"
2019-12-25,27,2,"['56', '1151']"
2019-12-26,83,4,"['902', '874', '831', '887']"
2019-12-27,58,4,"['906', '874', '1151', '887']"
2019-12-28,83,4,"['891', '821', '874', '873']"
2019-12-29,84,5,"['821', '875', '887', '111', '1151']"
2019-12-30,84,5,"['826', '875', '887', '878', '1151']"
2019-12-31,83,4,"['111', '875', '53', '887']"
2020-01-01,27,2,"['827', '1151']"
2020-01-02,83,4,"['112', '874', '832', '873']"
2020-01-03,84,5,"['829', '874', '876', '902', '1151']"
2020-01-04,83,4,"['882', '875', '822', '876']"
2020-01-05,57,3,"['106', '875', '873']"
2020-01-06,83,4,"['905', '874', '828', '887']"
2020-01-07,84,5,"['825', '874', '887', '881', '1151']"
2020-01-08,26,1,['53']
2020-01-09,84,5,"['824', '875', '887', '110', '1151']"
2020-01-10,27,2,"['829', '1151']"
2020-01-11,83,4,"['878', '817', '874', '887']"
2020-01-12,58,4,"['899', '874', '887', '1151']"
2020-01-13,83,4,"['104', '874', '50', '876']"
2020-01-14,84,5,"['826', '875', '876', '96', '1151']"
2020-01-15,84,5,"['824', '874', '888', '880', '1151']"
2020-01-16,83,4,"['903', '874', '822', '876']"
2020-01-17,27,2,"['827', '1151']"
2020-01-18,83,4,"['881', '874', '826', '876']"
2020-01-19,84,5,"['825', '874', '888', '112', '1151']"
2020-01-20,83,4,"['103', '874', '831', '876']"
2020-01-21,57,3,"['904', '875', '873']"
2020-01-22,83,4,"['100', '48', '874', '887']"
2020-01-23,84,5,"['52', '875', '888', '93', '1151']"
2020-01-24,26,1,['52']
2020-01-25,84,5,"['827', '875', '888', '890', '1151']"
2020-01-26,27,2,"['823', '1151']"
2020-01-27,57,3,"['894', '876', '874']"
2020-01-28,58,4,"['97', '1151', '873', '874']"
2020-01-29,57,3,"['99', '874', '873']"
2020-01-30,58,4,"['109', '874', '1151', '876']"
2020-01-31,58,4,"['906', '874', '1151', '887']"
2020-02-01,57,3,"['105', '875', '876']"
2020-02-02,1,1,['1151']
2020-02-03,57,3,"['889', '875', '888']"
2020-02-04,58,4,"['901', '1151', '888', '875']"
2020-02-05,57,3,"['893', '888', '875']"
2020-02-06,57,3,"['883', '874', '888']"
2020-02-07,57,3,"['95', '874', '888']"
2020-02-08,58,4,"['99', '874', '1151', '888']"
2020-02-10,58,4,"['95', '874', '1151', '876']"
2020-02-11,1,1,['1151']
2020-02-12,57,3,"['904', '876', '875']"
2020-02-13,57,3,"['96', '887', '874']"
2020-02-14,57,3,"['112', '888', '875']"
2020-02-15,58,4,"['897', '875', '1151', '876']"
2020-02-16,58,4,"['897', '874', '1151', '888']"
2020-02-17,57,3,"['102', '875', '888']"
2020-02-18,27,2,"['824', '1151']"
2020-02-19,57,3,"['895', '875', '873']"
2020-02-20,58,4,"['107', '874', '1151', '873']"
2020-02-21,57,3,"['892', '874', '888']"
2020-02-22,57,3,"['101', '875', '876']"
2020-02-23,57,3,"['882', '874', '876']"
2020-02-24,58,4,"['92', '1151', '876', '875']"
2020-02-26,58,4,"['900', '1151', '873', '874']"
2020-02-27,1,1,['1151']
2020-02-28,57,3,"['893', '874', '873']"
2020-02-29,58,4,"['884', '875', '1151', '876']"
2020-03-01,57,3,"['93', '874', '888']"
2020-03-02,58,4,"['106', '874', '1151', '873']"
2020-03-03,58,4,"['97', '874', '1151', '887']"
2020-03-04,57,3,"['101', '887', '874']"
2020-03-05,1,1,['1151']
2020-03-06,57,3,"['903', '875', '888']"
2020-03-07,58,4,"['107', '874', '888', '1151']"
2020-03-08,83,4,"['99', '875', '825', '887']"
2020-03-09,57,3,"['98', '874', '876']"
2020-03-10,83,4,"['881', '875', '831', '876']"
2020-03-11,84,5,"['832', '874', '887', '100', '1151']"
2020-03-12,26,1,['827']
2020-03-13,84,5,"['828', '874', '887', '884', '1151']"
2020-03-14,27,2,"['53', '1151']"
2020-03-15,83,4,"['111', '52', '874', '876']"
2020-03-16,58,4,"['891', '874', '1151', '888']"
2020-03-17,83,4,"['893', '831', '874', '887']"
2020-03-18,84,5,"['820', '874', '876', '891', '1151']"
2020-03-19,83,4,"['110', '875', '57', '888']"
2020-03-20,83,4,"['880', '875', '818', '888']"
2020-03-21,27,2,"['828', '1151']"
2020-03-22,83,4,"['106', '56', '875', '873']"
2020-03-23,84,5,"['832', '875', '888', '92', '1151']"
2020-03-24,83,4,"['104', '874', '49', '876']"
2020-03-25,57,3,"['100', '874', '873']"
2020-03-26,83,4,"['883', '874', '827', '887']"
2020-03-27,84,5,"['822', '875', '873', '877', '1151']"
2020-03-28,26,1,['830']
2020-03-29,84,5,"['820', '874', '888', '104', '1151']"
2020-03-30,27,2,"['821', '1151']"
2020-03-31,83,4,"['97', '874', '822', '876']"
2020-04-01,58,4,"['109', '1151', '887', '874']"
2020-04-02,83,4,"['878', '875', '821', '888']"
2020-04-03,84,5,"['48', '874', '876', '895', '1151']"
2020-04-04,84,5,"['49', '875', '876', '111', '1151']"
2020-04-05,83,4,"['904', '874', '827', '887']"
2020-04-06,27,2,"['817', '1151']"
2020-04-07,83,4,"['113', '820', '875', '873']"
2020-04-08,84,5,"['50', '874', '873', '881', '1151']"
2020-04-09,83,4,"['112', '824', '874', '873']"
2020-04-10,57,3,"['107', '888', '874']"
2020-04-11,83,4,"['102', '875', '48', '873']"
2020-04-12,84,5,"['822', '874', '888', '103', '1151']"
2020-04-13,26,1,['821']
2020-04-14,84,5,"['822', '874', '888', '100', '1151']"
2020-04-15,27,2,"['50', '1151']"
2020-04-16,83,4,"['882', '875', '48', '887']"
2020-04-17,58,4,"['92', '874', '1151', '888']"
2020-04-18,83,4,"['91', '874', '829', '876']"
2020-04-19,84,5,"['830', '875', '876', '95', '1151']"
2020-04-20,84,5,"['832', '874', '888', '886', '1151']"
2020-04-21,83,4,"['890', '875', '49', '887']"
2020-04-22,27,2,"['56', '1151']"
2020-04-23,83,4,"['900', '875', '819', '876']"
2020-04-24,84,5,"['828', '874', '876', '108', '1151']"
2020-04-25,83,4,"['902', '874', '828', '888']"
2020-04-26,57,3,"['891', '873', '875']"
2020-04-27,83,4,"['893', '875', '52', '888']"
2020-04-28,84,5,"['826', '875', '887', '93', '1151']"
2020-04-29,26,1,['826']
2020-04-30,84,5,"['55', '874', '887', '899', '1151']"
2020-05-01,27,2,"['48', '1151']"
2020-05-02,83,4,"['878', '48', '874', '888']"
2020-05-03,58,4,"['111', '874', '1151', '888']"
2020-05-04,83,4,"['93', '818', '875', '873']"
2020-05-05,84,5,"['820', '875', '887', '111', '1151']"
2020-05-06,84,5,"['821', '875', '876', '110', '1151']"
2020-05-07,83,4,"['890', '818', '874', '887']"
2020-05-08,27,2,"['49', '1151']"
2020-05-09,83,4,"['897', '874', '56', '876']"
2020-05-10,84,5,"['821', '874', '888', '904', '1151']"
2020-05-11,83,4,"['113', '832', '874', '873']"
2020-05-12,57,3,"['894', '874', '888']"
2020-05-13,83,4,"['893', '875', '53', '873']"
2020-05-14,84,5,"['50', '874', '888', '106', '1151']"
2020-05-15,26,1,['824']
2020-05-16,84,5,"['823', '874', '888', '884', '1151']"
2020-05-17,27,2,"['817', '1151']"
2020-05-18,83,4,"['111', '875', '55', '888']"
2020-05-19,58,4,"['891', '875', '1151', '876']"
2020-05-20,83,4,"['100', '831', '874', '876']"
2020-05-21,84,5,"['823', '874', '888', '906', '1151']"
2020-05-22,84,5,"['826', '874', '887', '108', '1151']"
2020-05-23,83,4,"['906', '875', '821', '873']"
2020-05-24,27,2,"['57', '1151']"
2020-05-25,83,4,"['96', '826', '875', '888']"
2020-05-26,83,4,"['96', '875', '832', '873']"
2020-05-27,83,4,"['903', '875', '829', '873']"
2020-05-28,57,3,"['879', '874', '888']"
2020-05-29,83,4,"['880', '822', '874', '876']"
2020-05-30,84,5,"['826', '875', '876', '112', '1151']"
2020-05-31,26,1,['822']
2020-06-01,84,5,"['825', '875', '887', '895', '1151']"
2020-06-02,27,2,"['827', '1151']"
2020-06-03,83,4,"['883', '824', '874', '873']"
2020-06-04,58,4,"['906', '1151', '876', '875']"
2020-06-05,83,4,"['882', '874', '49', '873']"
2020-06-06,84,5,"['49', '875', '873', '93', '1151']"
2020-06-07,84,5,"['830', '874', '876', '91', '1151']"
2020-06-08,83,4,"['96', '831', '874', '887']"
2020-06-09,27,2,"['829', '1151']"
2020-06-10,83,4,"['99', '874', '49', '888']"
2020-06-11,84,5,"['55', '875', '887', '100', '1151']"
2020-06-12,83,4,"['894', '828', '874', '888']"
2020-06-13,57,3,"['111', '875', '873']"
2020-06-14,83,4,"['105', '874', '825', '873']"
2020-06-15,84,5,"['54', '875', '887', '899', '1151']"
2020-06-16,26,1,['54']
2020-06-17,84,5,"['49', '888', '874', '879', '1151']"
2020-06-18,27,2,"['55', '1151']"
2020-06-19,83,4,"['896', '874', '820', '876']"
2020-06-20,58,4,"['99', '874', '1151', '888']"
2020-06-21,83,4,"['98', '49', '875', '888']"
2020-06-22,58,4,"['97', '1151', '873', '875']"
2020-06-23,84,5,"['822', '874', '873', '885', '1151']"
2020-06-24,83,4,"['101', '826', '875', '876']"
2020-06-25,27,2,"['832', '1151']"
2020-06-26,83,4,"['94', '50', '874', '876']"
2020-06-27,84,5,"['49', '875', '888', '905', '1151']"
2020-06-28,83,4,"['879', '874', '821', '887']"
2020-06-29,57,3,"['106', '888', '874']"
2020-06-30,83,4,"['899', '874', '820', '887']"
2020-07-01,84,5,"['56', '875', '873', '889', '1151']"
2020-07-02,26,1,['50']
2020-07-03,84,5,"['826', '874', '887', '113', '1151']"
2020-07-04,27,2,"['829', '1151']"
2020-07-05,83,4,"['880', '827', '874', '876']"
2020-07-06,58,4,"['903', '1151', '873', '874']"
2020-07-07,83,4,"['890', '874', '822', '888']"
2020-07-08,84,5,"['51', '875', '888', '885', '1151']"
2020-07-09,84,5,"['55', '874', '888', '899', '1151']"
2020-07-10,83,4,"['904', '53', '874', '888']"
2020-07-11,27,2,"['831', '1151']"
2020-07-12,83,4,"['113', '48', '875', '876']"
2020-07-13,84,5,"['831', '875', '888', '904', '1151']"
2020-07-14,83,4,"['894', '830', '875', '876']"
2020-07-15,57,3,"['100', '875', '888']"
2020-07-16,83,4,"['877', '875', '818', '873']"
2020-07-17,84,5,"['829', '875', '888', '889', '1151']"
2020-07-18,26,1,['53']
2020-07-19,84,5,"['819', '874', '873', '896', '1151']"
2020-07-20,27,2,"['52', '1151']"
2020-07-21,83,4,"['113', '874', '828', '888']"
2020-07-22,58,4,"['904', '875', '1151', '876']"
2020-07-23,83,4,"['94', '821', '875', '873']"
2020-07-24,84,5,"['48', '874', '887', '899', '1151']"
2020-07-25,84,5,"['56', '875', '888', '885', '1151']"
2020-07-26,83,4,"['898', '874', '56', '873']"
2020-07-27,27,2,"['54', '1151']"
2020-07-28,83,4,"['108', '824', '874', '888']"
2020-07-29,84,5,"['51', '875', '873', '894', '1151']"
2020-07-30,83,4,"['897', '54', '875', '876']"
2020-07-31,57,3,"['92', '873', '875']"
2020-08-01,83,4,"['906', '874', '57', '873']"
2020-08-02,84,5,"['819', '874', '876', '904', '1151']"
2020-08-03,26,1,['822']
2020-08-04,84,5,"['821', '874', '888', '102', '1151']"
2020-08-05,27,2,"['831', '1151']"
2020-08-06,83,4,"['903', '875', '50', '888']"
2020-08-07,58,4,"['892', '874', '1151', '888']"
2020-08-08,83,4,"['890', '57', '875', '873']"
2020-08-09,84,5,"['54', '874', '876', '103', '1151']"
2020-08-10,84,5,"['822', '874', '876', '894', '1151']"
2020-08-11,83,4,"['104', '826', '875', '873']"
2020-08-12,27,2,"['821', '1151']"
2020-08-13,83,4,"['899', '57', '874', '888']"
2020-08-14,84,5,"['49', '875', '876', '877', '1151']"
2020-08-15,83,4,"['110', '874', '822', '873']"
2020-08-16,57,3,"['880', '876', '874']"
2020-08-17,83,4,"['877', '48', '874', '888']"
2020-08-18,84,5,"['48', '875', '873', '897', '1151']"
2020-08-19,26,1,['826']
2020-08-20,84,5,"['823', '875', '888', '903', '1151']"
2020-08-21,27,2,"['818', '1151']"
2020-08-22,83,4,"['93', '874', '819', '887']"
2020-08-23,58,4,"['886', '874', '1151', '873']"
2020-08-24,83,4,"['896', '48', '874', '876']"
2020-08-25,84,5,"['51', '874', '887', '105', '1151']"
2020-08-26,84,5,"['820', '874', '887', '105', '1151']"
2020-08-27,83,4,"['110', '827', '875', '873']"
2020-08-28,27,2,"['820', '1151']"
2020-08-29,83,4,"['902', '823', '874', '887']"
2020-08-30,84,5,"['50', '874', '887', '881', '1151']"
2020-08-31,83,4,"['100', '875', '826', '887']"
2020-09-01,57,3,"['103', '873', '875']"
2020-09-02,83,4,"['892', '829', '874', '876']"
2020-09-03,84,5,"['823', '875', '888', '884', '1151']"
2020-09-04,26,1,['822']
2020-09-05,84,5,"['825', '875', '887', '107', '1151']"
2020-09-06,27,2,"['830', '1151']"
2020-09-07,83,4,"['96', '875', '817', '876']"
2020-09-08,58,4,"['110', '875', '876', '1151']"
2020-09-09,83,4,"['106', '875', '824', '873']"
2020-09-10,84,5,"['818', '875', '873', '109', '1151']"
2020-09-11,84,5,"['821', '874', '888', '903', '1151']"
2020-09-12,83,4,"['885', '874', '817', '887']"
2020-09-13,27,2,"['824', '1151']"
2020-09-14,83,4,"['112', '875', '55', '888']"
2020-09-15,84,5,"['52', '874', '888', '91', '1151']"
2020-09-16,83,4,"['884', '820', '875', '873']"
2020-09-17,57,3,"['98', '874', '887']"
2020-09-18,83,4,"['104', '874', '825', '887']"
2020-09-19,84,5,"['825', '874', '876', '903', '1151']"
2020-09-20,26,1,['829']
2020-09-21,84,5,"['823', '874', '888', '112', '1151']"
2020-09-22,27,2,"['826', '1151']"
2020-09-23,83,4,"['100', '821', '875', '887']"
2020-09-24,58,4,"['895', '874', '1151', '873']"
2020-09-25,83,4,"['112', '875', '832', '887']"
2020-09-26,84,5,"['50', '875', '873', '881', '1151']"
2020-09-27,84,5,"['820', '875', '873', '110', '1151']"
2020-09-28,83,4,"['93', '822', '875', '876']"
2020-09-29,27,2,"['57', '1151']"
2020-09-30,83,4,"['97', '874', '48', '873']"
2020-10-01,84,5,"['822', '875', '887', '96', '1151']"
2020-10-02,83,4,"['105', '875', '57', '873']"
2020-10-03,57,3,"['878', '887', '874']"
2020-10-04,83,4,"['101', '49', '874', '887']"
2020-10-05,84,5,"['822', '874', '873', '108', '1151']"
2020-10-06,26,1,['826']
2020-10-07,84,5,"['57', '874', '873', '881', '1151']"
2020-10-08,27,2,"['819', '1151']"
2020-10-09,83,4,"['111', '874', '48', '876']"
2020-10-10,58,4,"['905', '874', '1151', '888']"
2020-10-11,83,4,"['881', '875', '822', '888']"
2020-10-12,84,5,"['831', '875', '887', '906', '1151']"
2020-10-13,84,5,"['830', '874', '876', '889', '1151']"
2020-10-14,83,4,"['98', '48', '876', '874']"
2020-10-15,27,2,"['821', '1151']"
2020-10-16,83,4,"['91', '875', '53', '888']"
2020-10-17,84,5,"['49', '874', '876', '900', '1151']"
2020-10-18,83,4,"['92', '874', '56', '873']"
2020-10-19,57,3,"['877', '874', '876']"
2020-10-20,83,4,"['95', '830', '875', '887']"
2020-10-21,84,5,"['52', '874', '873', '902', '1151']"
2020-10-22,26,1,['827']
2020-10-23,58,4,"['878', '875', '1151', '873']"
2020-10-24,27,2,"['56', '1151']"
2020-10-25,83,4,"['884', '875', '55', '887']"
2020-10-26,58,4,"['97', '874', '1151', '873']"
2020-10-27,83,4,"['904', '874', '828', '876']"
2020-10-28,84,5,"['817', '875', '876', '889', '1151']"
2020-10-29,84,5,"['49', '874', '873', '889', '1151']"
2020-10-30,83,4,"['889', '55', '875', '888']"
2020-10-31,27,2,"['55', '1151']"
2020-11-01,83,4,"['877', '55', '875', '873']"
2020-11-02,84,5,"['826', '874', '876', '892', '1151']"
2020-11-03,83,4,"['906', '874', '832', '887']"
2020-11-04,57,3,"['891', '874', '888']"
2020-11-05,83,4,"['102', '828', '875', '888']"
2020-11-06,84,5,"['57', '874', '873', '903', '1151']"
2020-11-07,26,1,['52']
2020-11-08,84,5,"['48', '875', '876', '106', '1151']"
2020-11-09,27,2,"['49', '1151']"
2020-11-10,83,4,"['906', '874', '50', '887']"
2020-11-11,58,4,"['890', '1151', '873', '875']"
2020-11-12,83,4,"['892', '874', '57', '873']"
2020-11-13,84,5,"['832', '874', '888', '877', '1151']"
2020-11-14,84,5,"['828', '875', '888', '97', '1151']"
2020-11-15,83,4,"['109', '874', '56', '873']"
2020-11-16,27,2,"['830', '1151']"
2020-11-17,83,4,"['99', '874', '822', '876']"
2020-11-18,84,5,"['817', '874', '888', '109', '1151']"
2020-11-19,83,4,"['880', '822', '874', '887']"
2020-11-20,57,3,"['100', '874', '888']"
2020-11-21,83,4,"['880', '875', '825', '887']"
2020-11-22,84,5,"['830', '874', '888', '109', '1151']"
2020-11-23,26,1,['825']
2020-11-24,84,5,"['49', '875', '888', '898', '1151']"
2020-11-25,27,2,"['54', '1151']"
2020-11-26,83,4,"['882', '875', '48', '876']"
2020-11-27,58,4,"['904', '875', '1151', '888']"
2020-11-28,83,4,"['113', '875', '821', '876']"
2020-11-29,84,5,"['820', '875', '873', '93', '1151']"
2020-11-30,84,5,"['827', '875', '887', '885', '1151']"
2020-12-01,83,4,"['889', '874', '822', '887']"
2020-12-02,27,2,"['54', '1151']"
2020-12-03,83,4,"['900', '875', '819', '887']"
2020-12-04,84,5,"['832', '874', '888', '904', '1151']"
2020-12-05,83,4,"['104', '874', '827', '876']"
2020-12-06,57,3,"['896', '875', '887']"
2020-12-07,83,4,"['905', '51', '874', '873']"
2020-12-08,84,5,"['49', '874', '876', '91', '1151']"
2020-12-09,26,1,['827']
2020-12-10,84,5,"['818', '874', '873', '98', '1151']"
2020-12-11,27,2,"['52', '1151']"
2020-12-12,83,4,"['878', '875', '827', '888']"
2020-12-13,58,4,"['889', '1151', '876', '875']"
2020-12-14,83,4,"['882', '875', '817', '876']"
2020-12-15,84,5,"['827', '875', '887', '906', '1151']"
2020-12-16,84,5,"['829', '874', '887', '892', '1151']"
2020-12-17,83,4,"['880', '874', '821', '876']"
2020-12-18,27,2,"['821', '1151']"
2020-12-19,83,4,"['98', '874', '825', '888']"
2020-12-20,84,5,"['54', '874', '888', '107', '1151']"
2020-12-21,83,4,"['894', '875', '51', '888']"
2020-12-22,57,3,"['112', '888', '875']"
2020-12-23,57,3,"['884', '876', '875']"
2020-12-24,84,5,"['821', '874', '888', '880', '1151']"
2020-12-25,26,1,['50']
2020-12-26,84,5,"['828', '875', '888', '96', '1151']"
2020-12-27,27,2,"['53', '1151']"
2020-12-28,83,4,"['882', '55', '874', '888']"
2020-12-29,58,4,"['884', '875', '1151', '888']"
2020-12-30,83,4,"['900', '875', '820', '887']"
2020-12-31,84,5,"['57', '875', '888', '901', '1151']"
2021-01-01,84,5,"['823', '874', '876', '92', '1151']"
2021-01-02,83,4,"['892', '875', '54', '887']"
2021-01-03,27,2,"['52', '1151']"
2021-01-04,83,4,"['904', '818', '874', '876']"
2021-01-05,84,5,"['822', '874', '888', '881', '1151']"
2021-01-06,83,4,"['103', '875', '825', '888']"
2021-01-07,57,3,"['880', '874', '873']"
2021-01-08,83,4,"['93', '874', '51', '887']"
2021-01-09,84,5,"['829', '875', '888', '106', '1151']"
2021-01-10,26,1,['826']
2021-01-11,84,5,"['56', '875', '873', '890', '1151']"
2021-01-12,27,2,"['56', '1151']"
2021-01-13,83,4,"['100', '875', '57', '887']"
2021-01-14,58,4,"['881', '875', '1151', '873']"
2021-01-15,83,4,"['900', '875', '48', '876']"
2021-01-16,84,5,"['831', '874', '888', '105', '1151']"
2021-01-17,58,4,"['893', '875', '1151', '887']"
2021-01-18,57,3,"['104', '874', '873']"
2021-01-19,1,1,['1151']
2021-01-20,57,3,"['898', '887', '875']"
2021-01-21,58,4,"['107', '874', '1151', '876']"
2021-01-22,57,3,"['901', '874', '876']"
2021-01-23,57,3,"['98', '876', '875']"
2021-01-24,57,3,"['903', '874', '873']"
2021-01-25,58,4,"['901', '874', '876', '1151']"
2021-01-27,58,4,"['900', '875', '1151', '887']"
2021-01-28,1,1,['1151']
2021-01-29,57,3,"['95', '875', '888']"
2021-01-30,58,4,"['91', '875', '1151', '887']"
2021-01-31,57,3,"['900', '887', '874']"
2021-02-01,58,4,"['93', '874', '1151', '887']"
2021-02-02,58,4,"['98', '874', '1151', '887']"
2021-02-03,57,3,"['95', '875', '876']"
2021-02-04,1,1,['1151']
2021-02-05,57,3,"['93', '876', '875']"
2021-02-06,58,4,"['113', '874', '1151', '873']"
2021-02-07,57,3,"['108', '874', '873']"
2021-02-08,57,3,"['105', '874', '876']"
2021-02-09,57,3,"['106', '873', '875']"
2021-02-10,58,4,"['93', '875', '1151', '876']"
2021-02-12,58,4,"['899', '1151', '876', '875']"
2021-02-13,1,1,['1151']
2021-02-14,57,3,"['899', '873', '874']"
2021-02-15,58,4,"['92', '874', '1151', '876']"
2021-02-16,57,3,"['896', '876', '874']"
2021-02-17,58,4,"['100', '875', '873', '1151']"
2021-02-18,58,4,"['104', '875', '1151', '876']"
2021-02-19,57,3,"['897', '875', '873']"
2021-02-20,1,1,['1151']
2021-02-21,57,3,"['94', '874', '887']"
2021-02-22,58,4,"['899', '875', '1151', '887']"
2021-02-23,57,3,"['892', '875', '873']"
2021-02-24,57,3,"['91', '876', '875']"
2021-02-25,57,3,"['878', '875', '887']"
2021-02-26,58,4,"['109', '1151', '888', '874']"
2021-02-28,58,4,"['904', '875', '1151', '873']"
2021-03-01,1,1,['1151']
2021-03-02,57,3,"['112', '873', '875']"
2021-03-03,58,4,"['878', '875', '873', '1151']"
2021-03-04,57,3,"['903', '873', '874']"
2021-03-05,58,4,"['881', '874', '1151', '876']"
2021-03-06,58,4,"['92', '874', '888', '1151']"
2021-03-07,57,3,"['93', '874', '876']"
2021-03-08,27,2,"['57', '1151']"
2021-03-09,83,4,"['895', '874', '830', '876']"
2021-03-10,84,5,"['818', '875', '873', '112', '1151']"
2021-03-11,83,4,"['890', '874', '818', '888']"
2021-03-12,57,3,"['892', '875', '888']"
2021-03-13,83,4,"['898', '874', '822', '873']"
2021-03-14,84,5,"['48', '875', '873', '889', '1151']"
2021-03-15,26,1,['821']
2021-03-16,84,5,"['51', '874', '876', '99', '1151']"
2021-03-17,27,2,"['817', '1151']"
2021-03-18,83,4,"['105', '875', '53', '888']"
2021-03-19,58,4,"['110', '875', '873', '1151']"
2021-03-20,83,4,"['880', '875', '49', '887']"
2021-03-21,84,5,"['829', '875', '876', '891', '1151']"
2021-03-22,84,5,"['828', '874', '876', '113', '1151']"
2021-03-23,83,4,"['101', '874', '56', '873']"
2021-03-24,27,2,"['823', '1151']"
2021-03-25,83,4,"['93', '875', '50', '887']"
2021-03-26,84,5,"['817', '874', '888', '92', '1151']"
2021-03-27,83,4,"['885', '874', '48', '873']"
2021-03-28,57,3,"['98', '888', '875']"
2021-03-29,83,4,"['882', '874', '831', '888']"
2021-03-30,84,5,"['52', '874', '876', '879', '1151']"
2021-03-31,26,1,['820']
2021-04-01,84,5,"['57', '874', '873', '890', '1151']"
2021-04-02,27,2,"['48', '1151']"
2021-04-03,83,4,"['882', '824', '874', '873']"
2021-04-04,58,4,"['111', '1151', '888', '874']"
2021-04-05,83,4,"['882', '874', '826', '888']"
2021-04-06,84,5,"['57', '874', '888', '904', '1151']"
2021-04-07,84,5,"['828', '874', '873', '113', '1151']"
2021-04-08,83,4,"['891', '874', '826', '873']"
2021-04-09,27,2,"['831', '1151']"
2021-04-10,83,4,"['881', '874', '54', '873']"
2021-04-11,84,5,"['826', '875', '876', '899', '1151']"
2021-04-12,83,4,"['91', '50', '874', '887']"
2021-04-13,57,3,"['877', '873', '874']"
2021-04-14,83,4,"['903', '875', '826', '888']"
2021-04-15,84,5,"['829', '875', '888', '894', '1151']"
2021-04-16,26,1,['827']
2021-04-17,84,5,"['52', '875', '873', '896', '1151']"
2021-04-18,27,2,"['825', '1151']"
2021-04-19,83,4,"['892', '874', '817', '873']"
2021-04-20,58,4,"['883', '874', '1151', '873']"
2021-04-21,83,4,"['92', '874', '821', '876']"
2021-04-22,84,5,"['832', '875', '888', '94', '1151']"
2021-04-23,84,5,"['820', '874', '888', '893', '1151']"
2021-04-24,83,4,"['96', '874', '829', '888']"
2021-04-25,27,2,"['831', '1151']"
2021-04-26,83,4,"['898', '875', '56', '887']"
2021-04-27,84,5,"['820', '875', '887', '885', '1151']"
2021-04-28,83,4,"['906', '875', '55', '873']"
2021-04-29,57,3,"['878', '876', '874']"
2021-04-30,83,4,"['900', '874', '54', '873']"
2021-05-01,84,5,"['818', '874', '876', '891', '1151']"
2021-05-02,26,1,['830']
2021-05-03,84,5,"['819', '874', '876', '906', '1151']"
2021-05-04,27,2,"['820', '1151']"
2021-05-05,83,4,"['105', '818', '875', '873']"
2021-05-06,58,4,"['900', '874', '1151', '876']"
2021-05-07,83,4,"['893', '874', '49', '887']"
2021-05-08,84,5,"['824', '875', '876', '895', '1151']"
2021-05-09,84,5,"['819', '874', '876', '900', '1151']"
2021-05-10,83,4,"['903', '875', '828', '873']"
2021-05-11,27,2,"['50', '1151']"
2021-05-12,83,4,"['883', '874', '827', '887']"
2021-05-13,84,5,"['832', '875', '888', '885', '1151']"
2021-05-14,83,4,"['93', '875', '55', '876']"
2021-05-15,57,3,"['113', '887', '875']"
2021-05-16,83,4,"['903', '831', '874', '888']"
2021-05-17,84,5,"['51', '874', '887', '884', '1151']"
2021-05-18,26,1,['52']
2021-05-19,84,5,"['820', '874', '876', '108', '1151']"
2021-05-20,27,2,"['48', '1151']"
2021-05-21,83,4,"['108', '874', '824', '873']"
2021-05-22,58,4,"['110', '875', '1151', '888']"
2021-05-23,83,4,"['110', '874', '48', '876']"
2021-05-24,84,5,"['830', '875', '887', '891', '1151']"
2021-05-25,84,5,"['831', '875', '888', '906', '1151']"
2021-05-26,83,4,"['899', '50', '874', '887']"
2021-05-27,27,2,"['818', '1151']"
2021-05-28,83,4,"['896', '875', '824', '873']"
2021-05-29,84,5,"['831', '875', '888', '905', '1151']"
2021-05-30,83,4,"['891', '874', '56', '887']"
2021-05-31,57,3,"['97', '888', '874']"
2021-06-01,83,4,"['109', '53', '874', '887']"
2021-06-02,84,5,"['826', '874', '876', '897', '1151']"
2021-06-03,26,1,['822']
2021-06-04,84,5,"['820', '875', '876', '111', '1151']"
2021-06-05,27,2,"['828', '1151']"
2021-06-06,83,4,"['97', '875', '829', '887']"
2021-06-07,58,4,"['902', '1151', '873', '874']"
2021-06-08,83,4,"['877', '875', '820', '873']"
2021-06-09,84,5,"['824', '874', '888', '889', '1151']"
2021-06-10,84,5,"['827', '874', '876', '889', '1151']"
2021-06-11,83,4,"['890', '875', '825', '876']"
2021-06-12,27,2,"['830', '1151']"
2021-06-13,83,4,"['112', '874', '56', '887']"
2021-06-14,84,5,"['54', '874', '873', '107', '1151']"
2021-06-15,83,4,"['100', '875', '830', '888']"
2021-06-16,57,3,"['901', '876', '874']"
2021-06-17,83,4,"['900', '874', '817', '887']"
2021-06-18,84,5,"['57', '875', '876', '98', '1151']"
2021-06-19,26,1,['56']
2021-06-20,84,5,"['830', '874', '876', '905', '1151']"
2021-06-21,27,2,"['51', '1151']"
2021-06-22,83,4,"['901', '57', '874', '873']"
2021-06-23,58,4,"['899', '875', '888', '1151']"
2021-06-24,83,4,"['107', '821', '875', '888']"
2021-06-25,84,5,"['824', '875', '876', '895', '1151']"
2021-06-26,84,5,"['821', '874', '887', '905', '1151']"
2021-06-27,83,4,"['889', '875', '818', '887']"
2021-06-28,27,2,"['827', '1151']"
2021-06-29,83,4,"['904', '828', '874', '876']"
2021-06-30,84,5,"['826', '875', '888', '885', '1151']"
2021-07-01,83,4,"['881', '875', '819', '888']"
2021-07-02,57,3,"['91', '876', '874']"
2021-07-03,83,4,"['894', '874', '831', '873']"
2021-07-04,84,5,"['49', '874', '876', '902', '1151']"
2021-07-05,26,1,['829']
2021-07-06,84,5,"['57', '874', '888', '905', '1151']"
2021-07-07,27,2,"['832', '1151']"
2021-07-08,83,4,"['107', '875', '824', '887']"
2021-07-09,58,4,"['902', '1151', '876', '874']"
2021-07-10,83,4,"['109', '875', '824', '888']"
2021-07-11,84,5,"['53', '874', '887', '93', '1151']"
2021-07-12,84,5,"['818', '875', '888', '96', '1151']"
2021-07-13,83,4,"['893', '818', '887', '875']"
2021-07-14,27,2,"['828', '1151']"
2021-07-15,83,4,"['899', '874', '821', '873']"
2021-07-16,84,5,"['56', '874', '873', '897', '1151']"
2021-07-17,83,4,"['885', '875', '56', '887']"
2021-07-18,57,3,"['904', '874', '876']"
2021-07-19,83,4,"['898', '874', '830', '888']"
2021-07-20,84,5,"['823', '874', '873', '111', '1151']"
2021-07-21,26,1,['55']
2021-07-22,84,5,"['818', '874', '887', '899', '1151']"
2021-07-23,27,2,"['828', '1151']"
2021-07-24,83,4,"['903', '874', '820', '887']"
2021-07-25,58,4,"['111', '874', '1151', '873']"
2021-07-26,83,4,"['883', '874', '819', '873']"
2021-07-27,84,5,"['49', '874', '876', '97', '1151']"
2021-07-28,84,5,"['823', '874', '873', '883', '1151']"
2021-07-29,83,4,"['109', '875', '824', '876']"
2021-07-30,27,2,"['53', '1151']"
2021-07-31,83,4,"['902', '819', '875', '876']"
2021-08-01,84,5,"['824', '874', '887', '97', '1151']"
2021-08-02,83,4,"['879', '874', '819', '888']"
2021-08-03,57,3,"['108', '874', '876']"
2021-08-04,83,4,"['103', '875', '52', '873']"
2021-08-05,84,5,"['56', '875', '888', '883', '1151']"
2021-08-06,26,1,['51']
2021-08-07,84,5,"['53', '874', '888', '102', '1151']"
2021-08-08,26,1,['820']
2021-08-09,83,4,"['96', '821', '875', '876']"
2021-08-10,58,4,"['884', '1151', '873', '875']"
2021-08-11,83,4,"['893', '874', '57', '888']"
2021-08-12,84,5,"['817', '875', '888', '113', '1151']"
2021-08-13,84,5,"['822', '874', '888', '100', '1151']"
2021-08-14,83,4,"['889', '874', '832', '876']"
2021-08-15,27,2,"['823', '1151']"
2021-08-16,83,4,"['895', '819', '874', '876']"
2021-08-17,84,5,"['819', '874', '873', '895', '1151']"
2021-08-18,83,4,"['905', '875', '54', '876']"
2021-08-19,57,3,"['92', '875', '887']"
2021-08-20,83,4,"['111', '874', '48', '888']"
2021-08-21,84,5,"['821', '875', '876', '898', '1151']"
2021-08-22,26,1,['820']
2021-08-23,84,5,"['823', '874', '887', '894', '1151']"
2021-08-24,27,2,"['826', '1151']"
2021-08-25,83,4,"['897', '875', '820', '887']"
2021-08-26,58,4,"['889', '1151', '873', '874']"
2021-08-27,83,4,"['905', '56', '874', '876']"
2021-08-28,58,4,"['903', '874', '1151', '876']"
2021-08-29,84,5,"['826', '875', '873', '94', '1151']"
2021-08-30,83,4,"['904', '874', '51', '888']"
2021-08-31,27,2,"['826', '1151']"
2021-09-01,83,4,"['102', '875', '822', '876']"
2021-09-02,84,5,"['817', '874', '888', '93', '1151']"
2021-09-03,83,4,"['906', '827', '875', '887']"
2021-09-04,57,3,"['104', '874', '876']"
2021-09-05,83,4,"['878', '874', '48', '873']"
2021-09-06,84,5,"['57', '874', '876', '92', '1151']"
2021-09-07,26,1,['820']
2021-09-08,84,5,"['827', '875', '888', '877', '1151']"
2021-09-09,27,2,"['51', '1151']"
2021-09-10,83,4,"['895', '819', '875', '888']"
2021-09-11,58,4,"['892', '875', '1151', '887']"
2021-09-12,83,4,"['97', '874', '51', '888']"
2021-09-13,84,5,"['831', '874', '873', '104', '1151']"
2021-09-14,84,5,"['48', '874', '876', '894', '1151']"
2021-09-15,83,4,"['105', '875', '826', '887']"
2021-09-16,27,2,"['51', '1151']"
2021-09-17,83,4,"['898', '875', '817', '887']"
2021-09-18,84,5,"['53', '874', '876', '878', '1151']"
2021-09-19,83,4,"['91', '875', '57', '876']"
2021-09-20,57,3,"['96', '874', '876']"
2021-09-21,83,4,"['886', '874', '53', '888']"
2021-09-22,84,5,"['825', '875', '888', '878', '1151']"
2021-09-23,26,1,['830']
2021-09-24,84,5,"['820', '874', '876', '92', '1151']"
2021-09-25,27,2,"['52', '1151']"
2021-09-26,83,4,"['885', '875', '57', '888']"
2021-09-27,58,4,"['883', '875', '876', '1151']"
2021-09-28,83,4,"['94', '875', '820', '876']"
2021-09-29,84,5,"['823', '875', '887', '884', '1151']"
2021-09-30,84,5,"['51', '875', '887', '878', '1151']"
2021-10-01,83,4,"['96', '875', '826', '873']"
2021-10-02,27,2,"['832', '1151']"
2021-10-03,83,4,"['97', '875', '55', '873']"
2021-10-04,84,5,"['823', '874', '887', '898', '1151']"
2021-10-05,83,4,"['898', '829', '874', '873']"
2021-10-06,57,3,"['898', '874', '873']"
2021-10-07,83,4,"['894', '874', '828', '876']"
2021-10-08,84,5,"['820', '874', '888', '92', '1151']"
2021-10-09,26,1,['48']
2021-10-10,83,4,"['110', '874', '822', '888']"
2021-10-11,27,2,"['55', '1151']"
2021-10-12,83,4,"['111', '832', '875', '876']"
2021-10-13,58,4,"['111', '1151', '888', '874']"
2021-10-14,83,4,"['892', '827', '875', '888']"
2021-10-15,84,5,"['821', '875', '873', '884', '1151']"
2021-10-16,84,5,"['832', '875', '888', '881', '1151']"
2021-10-17,83,4,"['892', '875', '822', '873']"
2021-10-18,27,2,"['56', '1151']"
2021-10-19,83,4,"['893', '874', '817', '888']"
2021-10-20,84,5,"['822', '875', '873', '881', '1151']"
2021-10-21,83,4,"['890', '56', '875', '876']"
2021-10-22,57,3,"['103', '874', '887']"
2021-10-23,83,4,"['92', '875', '824', '876']"
2021-10-24,84,5,"['830', '875', '888', '899', '1151']"
2021-10-25,26,1,['825']
2021-10-26,84,5,"['53', '875', '887', '885', '1151']"
2021-10-27,27,2,"['826', '1151']"
2021-10-28,83,4,"['900', '875', '829', '888']"
2021-10-29,58,4,"['107', '874', '1151', '887']"
2021-10-30,83,4,"['102', '819', '875', '876']"
2021-10-31,84,5,"['51', '875', '876', '884', '1151']"
2021-11-01,84,5,"['832', '875', '876', '111', '1151']"
2021-11-02,83,4,"['895', '874', '50', '887']"
2021-11-03,27,2,"['828', '1151']"
2021-11-04,83,4,"['106', '874', '820', '887']"
2021-11-05,84,5,"['831', '874', '876', '101', '1151']"
2021-11-06,83,4,"['113', '874', '831', '873']"
2021-11-07,57,3,"['106', '874', '873']"
2021-11-08,83,4,"['98', '824', '875', '873']"
2021-11-09,84,5,"['831', '875', '873', '905', '1151']"
2021-11-10,26,1,['822']
2021-11-11,84,5,"['830', '874', '873', '896', '1151']"
2021-11-12,27,2,"['828', '1151']"
2021-11-13,83,4,"['101', '874', '829', '873']"
2021-11-14,58,4,"['102', '1151', '873', '875']"
2021-11-15,83,4,"['106', '825', '874', '876']"
2021-11-16,84,5,"['817', '874', '873', '879', '1151']"
2021-11-17,84,5,"['822', '875', '888', '877', '1151']"
2021-11-18,83,4,"['904', '818', '874', '873']"
2021-11-19,27,2,"['51', '1151']"
2021-11-20,83,4,"['94', '874', '48', '887']"
2021-11-21,84,5,"['822', '874', '887', '886', '1151']"
2021-11-22,83,4,"['96', '874', '821', '888']"
2021-11-23,57,3,"['889', '875', '873']"
2021-11-24,83,4,"['91', '823', '874', '887']"
2021-11-25,84,5,"['821', '875', '888', '108', '1151']"
2021-11-26,26,1,['824']
2021-11-27,84,5,"['830', '874', '873', '112', '1151']"
2021-11-28,27,2,"['53', '1151']"
2021-11-29,83,4,"['94', '875', '53', '887']"
2021-11-30,58,4,"['103', '1151', '876', '875']"
2021-12-01,83,4,"['899', '57', '875', '876']"
2021-12-02,84,5,"['825', '875', '887', '885', '1151']"
2021-12-03,84,5,"['825', '875', '888', '881', '1151']"
2021-12-04,83,4,"['889', '874', '828', '887']"
2021-12-05,27,2,"['57', '1151']"
2021-12-06,83,4,"['105', '55', '874', '876']"
2021-12-07,84,5,"['831', '874', '876', '894', '1151']"
2021-12-08,83,4,"['897', '874', '821', '873']"
2021-12-09,57,3,"['111', '873', '875']"
2021-12-10,83,4,"['93', '56', '874', '873']"
2021-12-11,84,5,"['832', '874', '887', '106', '1151']"
2021-12-12,26,1,['817']
2021-12-13,84,5,"['824', '874', '873', '109', '1151']"
2021-12-14,27,2,"['817', '1151']"
2021-12-15,83,4,"['112', '827', '874', '876']"
2021-12-16,58,4,"['100', '874', '1151', '873']"
2021-12-17,83,4,"['99', '875', '828', '887']"
2021-12-18,84,5,"['822', '875', '887', '898', '1151']"
2021-12-19,84,5,"['55', '874', '888', '93', '1151']"
2021-12-20,83,4,"['878', '874', '829', '887']"
2021-12-21,27,2,"['821', '1151']"
2021-12-22,83,4,"['893', '875', '48', '888']"
2021-12-23,84,5,"['828', '874', '876', '895', '1151']"
2021-12-24,83,4,"['900', '874', '49', '888']"
2021-12-25,57,3,"['884', '875', '873']"
2021-12-26,83,4,"['905', '874', '52', '888']"
2021-12-27,84,5,"['820', '875', '873', '879', '1151']"
2021-12-29,84,5,"['825', '875', '888', '895', '1151']"
2021-12-30,1,1,['1151']
2021-12-31,83,4,"['104', '875', '819', '888']"
2022-01-01,58,4,"['106', '1151', '873', '875']"
2022-01-02,57,3,"['103', '875', '876']"
2022-01-03,84,5,"['817', '874', '888', '94', '1151']"
2022-01-04,58,4,"['879', '1151', '876', '875']"
2022-01-05,83,4,"['93', '56', '875', '873']"
2022-01-06,27,2,"['824', '1151']"
2022-01-07,83,4,"['102', '56', '875', '888']"
2022-01-08,84,5,"['822', '875', '876', '112', '1151']"
2022-01-09,83,4,"['885', '874', '819', '873']"
2022-01-10,57,3,"['100', '875', '876']"
2022-01-11,57,3,"['102', '875', '887']"
2022-01-12,84,5,"['824', '874', '876', '892', '1151']"
2022-01-14,84,5,"['825', '875', '887', '107', '1151']"
2022-01-15,1,1,['1151']
2022-01-16,57,3,"['894', '875', '887']"
2022-01-17,58,4,"['883', '874', '1151', '876']"
2022-01-18,57,3,"['111', '875', '888']"
2022-01-19,58,4,"['902', '874', '1151', '873']"
2022-01-20,58,4,"['99', '874', '1151', '888']"
2022-01-21,57,3,"['94', '874', '876']"
2022-01-22,1,1,['1151']
2022-01-23,57,3,"['901', '875', '873']"
2022-01-24,58,4,"['91', '875', '1151', '888']"
2022-01-25,57,3,"['111', '875', '873']"
2022-01-26,57,3,"['904', '875', '887']"
2022-01-27,57,3,"['903', '887', '874']"
2022-01-28,58,4,"['109', '875', '876', '1151']"
2022-01-30,58,4,"['95', '875', '1151', '873']"
2022-01-31,1,1,['1151']
2022-02-01,57,3,"['881', '874', '873']"
2022-02-02,58,4,"['906', '875', '1151', '888']"
2022-02-03,57,3,"['109', '873', '874']"
2022-02-04,58,4,"['113', '875', '1151', '873']"
2022-02-05,58,4,"['884', '875', '1151', '887']"
2022-02-06,57,3,"['883', '875', '887']"
2022-02-07,1,1,['1151']
2022-02-08,57,3,"['884', '875', '873']"
2022-02-09,58,4,"['101', '1151', '888', '874']"
2022-02-10,57,3,"['893', '888', '875']"
2022-02-11,57,3,"['885', '874', '876']"
2022-02-12,57,3,"['95', '875', '887']"
2022-02-13,58,4,"['890', '874', '1151', '876']"
2022-02-15,58,4,"['905', '1151', '876', '874']"
2022-02-16,1,1,['1151']
2022-02-17,83,4,"['895', '829', '875', '888']"
2022-02-18,58,4,"['880', '1151', '876', '874']"
2022-02-19,57,3,"['884', '874', '876']"
2022-02-20,58,4,"['94', '874', '1151', '876']"
2022-02-21,84,5,"['55', '874', '887', '897', '1151']"
2022-02-22,83,4,"['108', '874', '818', '887']"
2022-02-23,27,2,"['54', '1151']"
2022-02-24,83,4,"['92', '875', '55', '873']"
2022-02-25,84,5,"['822', '875', '887', '883', '1151']"
2022-02-26,83,4,"['885', '874', '818', '876']"
2022-02-27,57,3,"['110', '873', '875']"
2022-02-28,83,4,"['883', '822', '874', '887']"
2022-03-01,84,5,"['828', '875', '876', '111', '1151']"
2022-03-02,26,1,['824']
2022-03-03,84,5,"['828', '875', '876', '906', '1151']"
2022-03-04,27,2,"['55', '1151']"
2022-03-05,83,4,"['891', '874', '831', '873']"
2022-03-06,58,4,"['903', '1151', '887', '874']"
2022-03-07,83,4,"['884', '827', '875', '876']"
2022-03-08,84,5,"['820', '874', '876', '896', '1151']"
2022-03-09,84,5,"['825', '874', '887', '890', '1151']"
2022-03-10,83,4,"['892', '828', '874', '887']"
2022-03-11,27,2,"['831', '1151']"
2022-03-12,83,4,"['109', '875', '828', '873']"
2022-03-13,83,4,"['882', '874', '55', '887']"
2022-03-14,83,4,"['901', '827', '875', '887']"
2022-03-15,57,3,"['892', '887', '875']"
2022-03-16,83,4,"['100', '818', '875', '876']"
2022-03-17,84,5,"['49', '875', '873', '879', '1151']"
2022-03-18,26,1,['52']
2022-03-19,84,5,"['823', '875', '876', '108', '1151']"
2022-03-20,27,2,"['831', '1151']"
2022-03-21,83,4,"['885', '874', '828', '876']"
2022-03-22,58,4,"['102', '874', '876', '1151']"
2022-03-23,83,4,"['902', '875', '819', '888']"
2022-03-24,84,5,"['822', '875', '888', '890', '1151']"
2022-03-25,84,5,"['819', '874', '888', '102', '1151']"
2022-03-26,83,4,"['903', '828', '874', '876']"
2022-03-27,27,2,"['51', '1151']"
2022-03-28,83,4,"['92', '875', '48', '888']"
2022-03-29,84,5,"['823', '874', '887', '113', '1151']"
2022-03-30,83,4,"['99', '824', '874', '887']"
2022-03-31,57,3,"['98', '875', '887']"
2022-04-01,83,4,"['112', '874', '819', '873']"
2022-04-02,84,5,"['822', '874', '873', '96', '1151']"
2022-04-03,26,1,['50']
2022-04-04,84,5,"['54', '874', '887', '895', '1151']"
2022-04-05,27,2,"['821', '1151']"
2022-04-06,83,4,"['112', '817', '875', '873']"
2022-04-07,58,4,"['884', '875', '1151', '887']"
2022-04-08,83,4,"['901', '875', '819', '888']"
2022-04-09,84,5,"['54', '875', '876', '879', '1151']"
2022-04-10,84,5,"['56', '875', '873', '904', '1151']"
2022-04-11,83,4,"['101', '874', '52', '888']"
2022-04-12,27,2,"['819', '1151']"
2022-04-13,83,4,"['899', '51', '874', '873']"
2022-04-14,84,5,"['818', '875', '876', '103', '1151']"
2022-04-15,83,4,"['879', '874', '831', '873']"
2022-04-16,57,3,"['110', '876', '875']"
2022-04-17,83,4,"['113', '874', '827', '888']"
2022-04-18,84,5,"['55', '875', '887', '100', '1151']"
2022-04-19,26,1,['54']
2022-04-20,84,5,"['818', '875', '876', '882', '1151']"
2022-04-21,27,2,"['49', '1151']"
2022-04-22,83,4,"['880', '823', '875', '876']"
2022-04-23,58,4,"['897', '1151', '876', '875']"
2022-04-24,83,4,"['885', '874', '818', '887']"
2022-04-25,84,5,"['827', '874', '887', '95', '1151']"
2022-04-26,84,5,"['827', '874', '873', '902', '1151']"
2022-04-27,83,4,"['91', '48', '875', '873']"
2022-04-28,27,2,"['825', '1151']"
2022-04-29,83,4,"['898', '875', '826', '876']"
2022-04-30,84,5,"['822', '875', '876', '104', '1151']"
2022-05-01,83,4,"['886', '875', '57', '888']"
2022-05-02,57,3,"['98', '875', '876']"
2022-05-03,83,4,"['105', '874', '826', '888']"
2022-05-04,84,5,"['831', '875', '873', '94', '1151']"
2022-05-05,26,1,['55']
2022-05-06,84,5,"['820', '875', '888', '880', '1151']"
2022-05-07,27,2,"['51', '1151']"
2022-05-08,83,4,"['881', '818', '875', '876']"
2022-05-09,58,4,"['902', '875', '1151', '876']"
2022-05-10,83,4,"['884', '875', '56', '887']"
2022-05-11,84,5,"['823', '875', '887', '905', '1151']"
2022-05-12,84,5,"['54', '875', '873', '104', '1151']"
2022-05-13,83,4,"['109', '831', '874', '887']"
2022-05-14,27,2,"['826', '1151']"
2022-05-15,83,4,"['897', '875', '832', '876']"
2022-05-16,84,5,"['821', '874', '887', '108', '1151']"
2022-05-17,83,4,"['892', '875', '821', '888']"
2022-05-18,57,3,"['884', '876', '874']"
2022-05-19,83,4,"['881', '49', '875', '887']"
2022-05-20,84,5,"['54', '875', '887', '889', '1151']"
2022-05-21,26,1,['52']
2022-05-22,84,5,"['57', '875', '873', '103', '1151']"
2022-05-23,27,2,"['51', '1151']"
2022-05-24,83,4,"['112', '818', '875', '876']"
2022-05-25,58,4,"['102', '1151', '876', '875']"
2022-05-26,83,4,"['107', '827', '875', '888']"
2022-05-27,84,5,"['823', '875', '873', '101', '1151']"
2022-05-28,84,5,"['53', '874', '873', '884', '1151']"
2022-05-29,83,4,"['94', '874', '820', '876']"
2022-05-30,27,2,"['50', '1151']"
2022-05-31,83,4,"['894', '820', '874', '873']"
2022-06-01,84,5,"['817', '874', '888', '890', '1151']"
2022-06-02,83,4,"['901', '874', '820', '887']"
2022-06-03,57,3,"['105', '874', '887']"
2022-06-04,83,4,"['901', '875', '823', '887']"
2022-06-05,84,5,"['55', '874', '888', '897', '1151']"
2022-06-06,26,1,['57']
2022-06-07,84,5,"['56', '875', '888', '879', '1151']"
2022-06-08,27,2,"['51', '1151']"
2022-06-09,83,4,"['893', '874', '818', '887']"
2022-06-10,58,4,"['884', '875', '1151', '876']"
2022-06-11,83,4,"['883', '817', '874', '873']"
2022-06-12,84,5,"['819', '875', '876', '93', '1151']"
2022-06-13,84,5,"['818', '874', '876', '894', '1151']"
2022-06-14,83,4,"['899', '874', '822', '888']"
2022-06-15,27,2,"['820', '1151']"
2022-06-16,83,4,"['897', '874', '54', '876']"
2022-06-17,84,5,"['828', '875', '873', '106', '1151']"
2022-06-18,83,4,"['894', '874', '821', '876']"
2022-06-19,57,3,"['880', '873', '874']"
2022-06-20,83,4,"['108', '57', '874', '873']"
2022-06-21,84,5,"['50', '875', '888', '897', '1151']"
2022-06-22,26,1,['50']
2022-06-23,84,5,"['57', '875', '876', '91', '1151']"
2022-06-24,27,2,"['53', '1151']"
2022-06-25,83,4,"['881', '819', '874', '887']"
2022-06-26,58,4,"['895', '875', '1151', '876']"
2022-06-27,83,4,"['104', '874', '55', '873']"
2022-06-28,84,5,"['48', '875', '888', '896', '1151']"
2022-06-29,84,5,"['824', '875', '887', '881', '1151']"
2022-06-30,83,4,"['903', '817', '874', '876']"
2022-07-01,27,2,"['820', '1151']"
2022-07-02,26,1,['829']
2022-07-03,84,5,"['48', '874', '873', '96', '1151']"
2022-07-04,83,4,"['110', '875', '831', '876']"
2022-07-05,57,3,"['880', '876', '875']"
2022-07-06,83,4,"['96', '875', '52', '873']"
2022-07-07,27,2,"['822', '1151']"
2022-07-08,26,1,['57']
2022-07-09,84,5,"['832', '874', '888', '895', '1151']"
2022-07-10,27,2,"['51', '1151']"
2022-07-11,83,4,"['109', '875', '817', '888']"
2022-07-12,58,4,"['906', '874', '1151', '887']"
2022-07-13,83,4,"['895', '875', '48', '887']"
2022-07-14,58,4,"['878', '875', '1151', '873']"
2022-07-15,27,2,"['826', '1151']"
2022-07-16,83,4,"['107', '874', '828', '876']"
2022-07-17,27,2,"['827', '1151']"
2022-07-18,26,1,['821']
2022-07-19,84,5,"['828', '874', '876', '892', '1151']"
2022-07-20,83,4,"['891', '824', '874', '873']"
2022-07-21,57,3,"['891', '887', '875']"
2022-07-22,83,4,"['98', '874', '48', '876']"
2022-07-23,27,2,"['48', '1151']"
2022-07-25,84,5,"['824', '874', '876', '101', '1151']"
2022-07-26,27,2,"['52', '1151']"
2022-07-27,83,4,"['895', '56', '874', '888']"
2022-07-28,58,4,"['98', '875', '1151', '887']"
2022-07-29,83,4,"['104', '828', '874', '873']"
2022-07-30,58,4,"['92', '875', '1151', '873']"
2022-07-31,27,2,"['832', '1151']"
2022-08-01,83,4,"['884', '875', '51', '888']"
2022-08-02,27,2,"['831', '1151']"
2022-08-03,26,1,['820']
2022-08-04,84,5,"['830', '874', '873', '101', '1151']"
2022-08-05,83,4,"['886', '875', '52', '876']"
2022-08-08,26,1,['818']
2022-08-09,26,1,['827']
2022-08-10,26,1,['829']
2022-08-11,26,1,['57']
2022-08-12,26,1,['821']
2022-08-14,26,1,['826']
2022-08-16,26,1,['832']
2022-08-17,26,1,['53']
2022-08-18,26,1,['831']
2022-08-19,26,1,['832']
2022-08-20,26,1,['831']
2022-08-21,26,1,['57']
2022-08-23,26,1,['821']
2022-08-24,26,1,['821']
2022-08-26,26,1,['829']
2022-08-27,26,1,['56']
2022-08-28,26,1,['821']
2022-08-30,26,1,['818']
2022-08-31,26,1,['54']
2022-09-01,26,1,['56']
2022-09-02,26,1,['817']
2022-09-03,26,1,['56']
2022-09-04,26,1,['54']
2022-09-05,26,1,['830']
2022-09-06,26,1,['827']
2022-09-08,26,1,['822']
2022-09-09,26,1,['831']
2022-09-10,26,1,['50']
2022-09-11,26,1,['49']
2022-09-12,26,1,['819']
2022-09-13,26,1,['50']
2022-09-15,26,1,['53']
2022-09-16,26,1,['824']
2022-09-24,0,0,[]
2022-09-25,0,0,[]
2022-09-26,0,0,[]
2022-09-27,0,0,[]
2022-09-28,0,0,[]
2022-09-29,0,0,[]
2022-09-30,0,0,[]
2022-10-01,0,0,[]
2022-10-02,0,0,[]
2022-10-03,0,0,[]
2022-10-04,0,0,[]
2022-10-07,0,0,[]
2022-10-08,0,0,[]
2022-10-10,0,0,[]
2022-10-11,0,0,[]
2022-10-12,0,0,[]
2022-10-13,0,0,[]
2022-10-14,0,0,[]
2022-10-15,0,0,[]
2022-10-16,0,0,[]
2022-10-17,0,0,[]
2022-10-18,0,0,[]
2022-10-19,0,0,[]
2022-10-20,0,0,[]
2022-10-23,0,0,[]
2022-10-24,0,0,[]
2022-10-26,0,0,[]
2022-10-27,0,0,[]
2022-10-28,0,0,[]
2022-10-29,0,0,[]
2022-10-30,0,0,[]
2022-10-31,0,0,[]
2022-11-01,0,0,[]
2022-11-02,0,0,[]
2022-11-03,0,0,[]
2022-11-04,0,0,[]
2022-11-05,0,0,[]
2022-11-08,0,0,[]
2022-11-09,0,0,[]
2022-11-11,0,0,[]
2022-11-12,0,0,[]
2022-11-13,0,0,[]
2022-11-14,0,0,[]
2022-11-15,0,0,[]
2022-11-19,0,0,[]
2022-11-20,0,0,[]
2022-11-21,0,0,[]
2022-11-24,0,0,[]
2022-11-25,0,0,[]
2022-11-27,0,0,[]
2022-11-28,0,0,[]
2022-11-29,0,0,[]
2022-11-30,0,0,[]
2022-12-01,0,0,[]
2022-12-02,0,0,[]
2022-12-03,0,0,[]
2022-12-04,0,0,[]
2022-12-05,0,0,[]
2022-12-06,0,0,[]
2022-12-07,0,0,[]
2022-12-10,0,0,[]
2022-12-11,0,0,[]
2022-12-13,0,0,[]
2022-12-14,0,0,[]
2022-12-15,0,0,[]
2022-12-16,0,0,[]
2022-12-17,0,0,[]
2022-12-18,0,0,[]
2022-12-19,0,0,[]
2022-12-20,0,0,[]
2022-12-21,0,0,[]
2022-12-22,0,0,[]
2022-12-23,0,0,[]
2022-12-26,0,0,[]
2022-12-27,0,0,[]
2022-12-29,0,0,[]
2022-12-30,0,0,[]
2022-12-31,0,0,[]
